dateupdated,shoe_type,season,n
2016-01-02T03:14:34Z,Boot,Winter,2
2016-01-02T03:14:34Z,Boot,Winter,2
2016-01-02T03:26:34Z,Shoe,Winter,2
2016-01-02T03:26:34Z,Shoe,Winter,2
2016-01-03T01:43:23Z,Shoe,Winter,3
2016-01-03T01:43:23Z,Shoe,Winter,3
2016-01-03T01:43:23Z,Shoe,Winter,3
2016-01-15T18:08:52Z,Oxford,Winter,2
2016-01-15T18:08:52Z,Oxford,Winter,2
2016-01-15T21:20:34Z,Canvas,Winter,2
2016-01-15T21:20:34Z,Canvas,Winter,2
2016-01-15T21:20:42Z,Canvas,Winter,2
2016-01-15T21:20:42Z,Canvas,Winter,2
2016-01-15T21:41:05Z,Oxford,Winter,1
2016-01-15T22:10:04Z,Shoe,Winter,1
2016-01-15T22:16:24Z,Shoe,Winter,2
2016-01-15T22:16:24Z,Shoe,Winter,2
2016-01-17T02:49:12Z,Shoe,Winter,1
2016-01-17T02:53:32Z,Shoe,Winter,1
2016-01-17T20:08:35Z,Shoe,Winter,1
2016-01-17T20:27:04Z,Shoe,Winter,1
2016-01-17T20:38:20Z,Shoe,Winter,1
2016-01-20T09:49:40Z,Shoe,Winter,2
2016-01-20T09:49:40Z,Shoe,Winter,2
2016-01-20T12:20:06Z,Boot,Winter,2
2016-01-20T12:20:06Z,Boot,Winter,2
2016-01-21T23:40:25Z,Shoe,Winter,2
2016-01-21T23:40:25Z,Shoe,Winter,2
2016-01-26T03:08:25Z,Shoe,Winter,1
2016-01-26T04:11:44Z,Shoe,Winter,1
2016-01-26T09:44:25Z,Shoe,Winter,1
2016-01-26T09:44:46Z,Shoe,Winter,1
2016-01-26T09:51:57Z,Shoe,Winter,1
2016-01-26T09:53:53Z,Shoe,Winter,1
2016-01-26T14:46:44Z,Boot,Winter,1
2016-01-26T14:48:28Z,Shoe,Winter,1
2016-01-26T14:49:54Z,Shoe,Winter,1
2016-01-26T14:58:36Z,Shoe,Winter,1
2016-01-26T14:59:12Z,Shoe,Winter,1
2016-01-26T14:59:16Z,Shoe,Winter,1
2016-01-26T14:59:52Z,Shoe,Winter,1
2016-01-26T15:00:03Z,Shoe,Winter,1
2016-01-26T15:05:12Z,Boot,Winter,1
2016-01-26T15:08:09Z,Boot,Winter,1
2016-01-26T16:07:18Z,Shoe,Winter,1
2016-01-26T18:31:11Z,Shoe,Winter,1
2016-01-26T19:55:19Z,Shoe,Winter,2
2016-01-26T19:55:19Z,Shoe,Winter,2
2016-01-26T19:57:39Z,Shoe,Winter,2
2016-01-26T19:57:39Z,Shoe,Winter,2
2016-01-26T23:04:34Z,Shoe,Winter,1
2016-01-26T23:14:21Z,Shoe,Winter,1
2016-01-26T23:34:03Z,Shoe,Winter,1
2016-01-26T23:41:04Z,Shoe,Winter,1
2016-01-27T00:17:22Z,Shoe,Winter,1
2016-01-27T00:19:20Z,Shoe,Winter,1
2016-01-27T04:23:36Z,Shoe,Winter,1
2016-01-27T06:54:36Z,Shoe,Winter,1
2016-01-27T06:55:32Z,Shoe,Winter,1
2016-01-27T07:07:03Z,Shoe,Winter,1
2016-01-27T07:16:42Z,Shoe,Winter,1
2016-01-27T09:43:36Z,Shoe,Winter,1
2016-01-27T09:56:09Z,Shoe,Winter,1
2016-01-27T09:56:13Z,Shoe,Winter,1
2016-01-27T09:59:43Z,Shoe,Winter,1
2016-01-27T10:18:08Z,Shoe,Winter,1
2016-01-27T10:20:03Z,Shoe,Winter,1
2016-01-27T10:44:52Z,Shoe,Winter,1
2016-01-27T10:49:25Z,Shoe,Winter,1
2016-01-27T10:57:02Z,Shoe,Winter,1
2016-01-27T10:57:07Z,Shoe,Winter,1
2016-01-27T10:58:08Z,Shoe,Winter,1
2016-01-27T10:58:44Z,Shoe,Winter,1
2016-01-27T10:58:56Z,Shoe,Winter,1
2016-01-27T11:00:06Z,Shoe,Winter,1
2016-01-27T11:20:26Z,Shoe,Winter,1
2016-01-27T11:39:13Z,Shoe,Winter,1
2016-01-27T11:39:19Z,Shoe,Winter,1
2016-01-27T11:52:36Z,Shoe,Winter,1
2016-01-27T12:06:35Z,Shoe,Winter,1
2016-01-27T12:06:41Z,Shoe,Winter,1
2016-01-27T12:10:58Z,Shoe,Winter,1
2016-01-27T12:14:05Z,Shoe,Winter,1
2016-01-27T12:44:24Z,Shoe,Winter,1
2016-01-27T13:35:00Z,Shoe,Winter,1
2016-01-27T13:36:01Z,Shoe,Winter,1
2016-02-03T07:28:38Z,Boot,Winter,1
2016-02-05T22:12:29Z,Sneaker,Winter,1
2016-02-05T22:13:22Z,Shoe,Winter,4
2016-02-05T22:13:22Z,Shoe,Winter,4
2016-02-05T22:13:22Z,Shoe,Winter,4
2016-02-05T22:13:22Z,Shoe,Winter,4
2016-02-05T22:18:18Z,Shoe,Winter,4
2016-02-05T22:18:18Z,Shoe,Winter,4
2016-02-05T22:18:18Z,Shoe,Winter,4
2016-02-05T22:18:18Z,Shoe,Winter,4
2016-02-07T19:43:00Z,Shoe,Winter,1
2016-02-08T20:37:20Z,Shoe,Winter,1
2016-02-08T20:37:33Z,Shoe,Winter,1
2016-02-08T20:45:19Z,Boot,Winter,2
2016-02-08T20:45:19Z,Boot,Winter,2
2016-02-10T23:11:04Z,Boot,Winter,1
2016-02-14T01:06:44Z,Shoe,Winter,2
2016-02-14T01:06:44Z,Shoe,Winter,2
2016-02-14T09:08:09Z,Boot,Winter,1
2016-02-16T01:38:11Z,Shoe,Winter,2
2016-02-16T01:38:11Z,Shoe,Winter,2
2016-02-16T01:38:15Z,Shoe,Winter,1
2016-02-16T02:11:31Z,Shoe,Winter,1
2016-02-16T05:40:10Z,Shoe,Winter,1
2016-02-16T05:49:51Z,Boot,Winter,1
2016-02-16T05:49:53Z,Oxford,Winter,1
2016-02-16T05:55:01Z,Shoe,Winter,1
2016-02-16T05:55:04Z,Shoe,Winter,1
2016-02-17T17:07:28Z,Shoe,Winter,2
2016-02-17T17:07:28Z,Shoe,Winter,2
2016-02-19T14:47:17Z,Shoe,Winter,5
2016-02-19T14:47:17Z,Shoe,Winter,5
2016-02-19T14:47:17Z,Shoe,Winter,5
2016-02-19T14:47:17Z,Shoe,Winter,5
2016-02-19T14:47:17Z,Shoe,Winter,5
2016-02-21T01:32:31Z,Shoe,Winter,2
2016-02-21T01:32:31Z,Shoe,Winter,2
2016-02-21T01:32:35Z,Shoe,Winter,2
2016-02-21T01:32:35Z,Shoe,Winter,2
2016-02-21T01:32:42Z,Sneaker,Winter,4
2016-02-21T01:32:42Z,Sneaker,Winter,4
2016-02-21T01:32:42Z,Shoe,Winter,4
2016-02-21T01:32:42Z,Shoe,Winter,4
2016-02-21T01:33:02Z,Shoe,Winter,3
2016-02-21T01:33:02Z,Shoe,Winter,3
2016-02-21T01:33:02Z,Shoe,Winter,3
2016-02-21T01:33:03Z,Shoe,Winter,2
2016-02-21T01:33:03Z,Shoe,Winter,2
2016-02-21T01:33:15Z,Shoe,Winter,2
2016-02-21T01:33:15Z,Shoe,Winter,2
2016-02-21T05:53:16Z,Boot,Winter,1
2016-02-21T05:53:20Z,Shoe,Winter,2
2016-02-21T05:53:20Z,Shoe,Winter,2
2016-02-21T05:53:26Z,Loafer,Winter,2
2016-02-21T05:53:26Z,Loafer,Winter,2
2016-02-21T05:53:27Z,Shoe,Winter,2
2016-02-21T05:53:27Z,Shoe,Winter,2
2016-02-21T05:53:33Z,Shoe,Winter,2
2016-02-21T05:53:33Z,Shoe,Winter,2
2016-02-21T05:53:36Z,Shoe,Winter,2
2016-02-21T05:53:36Z,Shoe,Winter,2
2016-02-21T14:34:27Z,Boot,Winter,4
2016-02-21T14:34:27Z,Boot,Winter,4
2016-02-21T14:34:27Z,Boot,Winter,4
2016-02-21T14:34:27Z,Boot,Winter,4
2016-02-21T14:34:29Z,Boot,Winter,2
2016-02-21T14:34:29Z,Boot,Winter,2
2016-02-21T14:34:30Z,Boot,Winter,2
2016-02-21T14:34:30Z,Boot,Winter,2
2016-02-21T14:34:31Z,Boot,Winter,3
2016-02-21T14:34:31Z,Boot,Winter,3
2016-02-21T14:34:31Z,Boot,Winter,3
2016-02-21T14:34:32Z,Boot,Winter,1
2016-02-21T14:34:34Z,Boot,Winter,2
2016-02-21T14:34:34Z,Boot,Winter,2
2016-02-21T14:34:35Z,Shoe,Winter,3
2016-02-21T14:34:35Z,Shoe,Winter,3
2016-02-21T14:34:35Z,Boot,Winter,3
2016-02-21T14:34:36Z,Boot,Winter,1
2016-02-21T14:34:37Z,Shoe,Winter,4
2016-02-21T14:34:37Z,Shoe,Winter,4
2016-02-21T14:34:37Z,Shoe,Winter,4
2016-02-21T14:34:37Z,Boot,Winter,4
2016-02-21T14:34:38Z,Shoe,Winter,3
2016-02-21T14:34:38Z,Shoe,Winter,3
2016-02-21T14:34:38Z,Shoe,Winter,3
2016-02-21T14:34:39Z,Shoe,Winter,8
2016-02-21T14:34:39Z,Shoe,Winter,8
2016-02-21T14:34:39Z,Shoe,Winter,8
2016-02-21T14:34:39Z,Shoe,Winter,8
2016-02-21T14:34:39Z,Shoe,Winter,8
2016-02-21T14:34:39Z,Shoe,Winter,8
2016-02-21T14:34:39Z,Shoe,Winter,8
2016-02-21T14:34:39Z,Shoe,Winter,8
2016-02-21T14:34:40Z,Boot,Winter,1
2016-02-21T14:34:42Z,Boot,Winter,1
2016-02-21T14:34:43Z,Boot,Winter,1
2016-02-21T14:34:45Z,Shoe,Winter,2
2016-02-21T14:34:45Z,Shoe,Winter,2
2016-02-22T04:31:13Z,Shoe,Winter,2
2016-02-22T04:31:13Z,Shoe,Winter,2
2016-02-22T04:32:17Z,Boot,Winter,2
2016-02-22T04:32:17Z,Boot,Winter,2
2016-02-22T04:33:06Z,Shoe,Winter,2
2016-02-22T04:33:06Z,Shoe,Winter,2
2016-02-22T04:34:30Z,Boot,Winter,2
2016-02-22T04:34:30Z,Boot,Winter,2
2016-02-24T04:07:22Z,Shoe,Winter,1
2016-02-24T04:07:44Z,Shoe,Winter,2
2016-02-24T04:07:44Z,Shoe,Winter,2
2016-02-24T04:09:37Z,Shoe,Winter,2
2016-02-24T04:09:37Z,Shoe,Winter,2
2016-02-24T04:11:00Z,Shoe,Winter,2
2016-02-24T04:11:00Z,Shoe,Winter,2
2016-02-24T04:11:23Z,Shoe,Winter,3
2016-02-24T04:11:23Z,Shoe,Winter,3
2016-02-24T04:11:23Z,Shoe,Winter,3
2016-02-24T04:12:10Z,Boot,Winter,2
2016-02-24T04:12:10Z,Boot,Winter,2
2016-02-24T21:11:05Z,Boot,Winter,1
2016-02-25T22:08:42Z,Shoe,Winter,2
2016-02-25T22:08:42Z,Shoe,Winter,2
2016-03-02T00:47:34Z,Shoe,Spring,2
2016-03-02T00:47:34Z,Shoe,Spring,2
2016-03-03T04:59:39Z,Shoe,Spring,1
2016-03-03T05:02:51Z,Boot,Spring,1
2016-03-03T16:39:15Z,Boot,Spring,1
2016-03-04T03:32:13Z,Shoe,Spring,1
2016-03-04T05:10:04Z,Shoe,Spring,1
2016-03-04T05:43:01Z,Boot,Spring,3
2016-03-04T05:43:01Z,Boot,Spring,3
2016-03-04T05:43:01Z,Boot,Spring,3
2016-03-04T23:43:43Z,Shoe,Spring,1
2016-03-06T00:20:40Z,Shoe,Spring,1
2016-03-07T11:15:26Z,Shoe,Spring,1
2016-03-09T22:37:37Z,Boot,Spring,1
2016-03-10T16:26:07Z,Sneaker,Spring,1
2016-03-10T16:36:06Z,Sneaker,Spring,2
2016-03-10T16:36:06Z,Sneaker,Spring,2
2016-03-10T21:10:52Z,Canvas,Spring,2
2016-03-10T21:10:52Z,Canvas,Spring,2
2016-03-10T21:13:46Z,Canvas,Spring,1
2016-03-11T20:26:21Z,Loafer,Spring,1
2016-03-11T22:34:20Z,Shoe,Spring,1
2016-03-11T22:38:03Z,Canvas,Spring,2
2016-03-11T22:38:03Z,Canvas,Spring,2
2016-03-11T22:38:57Z,Canvas,Spring,2
2016-03-11T22:38:57Z,Canvas,Spring,2
2016-03-11T22:39:58Z,Canvas,Spring,2
2016-03-11T22:39:58Z,Canvas,Spring,2
2016-03-12T03:30:13Z,Shoe,Spring,1
2016-03-12T03:31:48Z,Boot,Spring,2
2016-03-12T03:31:48Z,Boot,Spring,2
2016-03-12T03:32:47Z,Boot,Spring,1
2016-03-12T03:33:31Z,Shoe,Spring,2
2016-03-12T03:33:31Z,Shoe,Spring,2
2016-03-12T03:33:38Z,Boot,Spring,1
2016-03-12T03:34:48Z,Shoe,Spring,2
2016-03-12T03:34:48Z,Shoe,Spring,2
2016-03-12T03:35:18Z,Shoe,Spring,3
2016-03-12T03:35:18Z,Shoe,Spring,3
2016-03-12T03:35:18Z,Shoe,Spring,3
2016-03-12T03:39:35Z,Shoe,Spring,3
2016-03-12T03:39:35Z,Shoe,Spring,3
2016-03-12T03:39:35Z,Shoe,Spring,3
2016-03-13T16:57:38Z,Shoe,Spring,2
2016-03-13T16:57:38Z,Shoe,Spring,2
2016-03-14T03:07:47Z,Boot,Spring,1
2016-03-14T04:14:34Z,Shoe,Spring,1
2016-03-14T17:57:12Z,Shoe,Spring,1
2016-03-15T13:54:15Z,Shoe,Spring,2
2016-03-15T13:54:15Z,Shoe,Spring,2
2016-03-15T14:14:52Z,Shoe,Spring,1
2016-03-15T14:14:53Z,Shoe,Spring,4
2016-03-15T14:14:53Z,Shoe,Spring,4
2016-03-15T14:14:53Z,Shoe,Spring,4
2016-03-15T14:14:53Z,Shoe,Spring,4
2016-03-15T15:06:25Z,Shoe,Spring,1
2016-03-15T15:06:27Z,Shoe,Spring,1
2016-03-15T15:37:19Z,Shoe,Spring,1
2016-03-15T15:37:22Z,Shoe,Spring,2
2016-03-15T15:37:22Z,Shoe,Spring,2
2016-03-15T16:08:19Z,Sneaker,Spring,1
2016-03-15T16:13:26Z,Shoe,Spring,1
2016-03-15T16:13:27Z,Shoe,Spring,2
2016-03-15T16:13:27Z,Shoe,Spring,2
2016-03-15T16:13:29Z,Shoe,Spring,2
2016-03-15T16:13:29Z,Shoe,Spring,2
2016-03-15T17:54:12Z,Shoe,Spring,1
2016-03-15T18:04:41Z,Shoe,Spring,1
2016-03-15T18:15:06Z,Shoe,Spring,1
2016-03-15T22:37:56Z,Canvas,Spring,2
2016-03-15T22:37:56Z,Canvas,Spring,2
2016-03-16T00:18:21Z,Boot,Spring,2
2016-03-16T00:18:21Z,Boot,Spring,2
2016-03-16T00:22:39Z,Boot,Spring,2
2016-03-16T00:22:39Z,Boot,Spring,2
2016-03-16T00:53:28Z,Shoe,Spring,1
2016-03-16T03:21:36Z,Shoe,Spring,1
2016-03-16T03:22:21Z,Shoe,Spring,1
2016-03-16T03:26:53Z,Shoe,Spring,1
2016-03-16T03:27:52Z,Shoe,Spring,2
2016-03-16T03:27:52Z,Shoe,Spring,2
2016-03-16T03:30:02Z,Shoe,Spring,2
2016-03-16T03:30:02Z,Shoe,Spring,2
2016-03-16T03:30:56Z,Shoe,Spring,2
2016-03-16T03:30:56Z,Shoe,Spring,2
2016-03-16T03:33:46Z,Shoe,Spring,2
2016-03-16T03:33:46Z,Shoe,Spring,2
2016-03-16T03:34:33Z,Shoe,Spring,1
2016-03-16T21:30:19Z,Shoe,Spring,1
2016-03-19T02:23:40Z,Sneaker,Spring,1
2016-03-19T02:34:55Z,Shoe,Spring,2
2016-03-19T02:34:55Z,Shoe,Spring,2
2016-03-19T12:57:30Z,Boot,Spring,1
2016-03-19T18:01:37Z,Boot,Spring,2
2016-03-19T18:01:37Z,Boot,Spring,2
2016-03-20T00:54:10Z,Shoe,Spring,1
2016-03-20T01:13:38Z,Boot,Spring,1
2016-03-20T01:19:36Z,Shoe,Spring,1
2016-03-20T22:55:48Z,Boot,Spring,1
2016-03-22T00:08:01Z,Shoe,Spring,1
2016-03-22T01:08:46Z,Shoe,Spring,2
2016-03-22T01:08:46Z,Shoe,Spring,2
2016-03-22T01:35:50Z,Shoe,Spring,1
2016-03-22T01:54:07Z,Shoe,Spring,1
2016-03-22T02:16:43Z,Canvas,Spring,2
2016-03-22T02:16:43Z,Canvas,Spring,2
2016-03-22T21:27:42Z,Shoe,Spring,1
2016-03-22T21:51:43Z,Shoe,Spring,2
2016-03-22T21:51:43Z,Shoe,Spring,2
2016-03-22T23:11:46Z,Shoe,Spring,2
2016-03-22T23:11:46Z,Shoe,Spring,2
2016-03-23T01:25:17Z,Shoe,Spring,2
2016-03-23T01:25:17Z,Shoe,Spring,2
2016-03-23T01:25:38Z,Shoe,Spring,1
2016-03-24T01:28:06Z,Shoe,Spring,2
2016-03-24T01:28:06Z,Shoe,Spring,2
2016-03-24T01:29:12Z,Shoe,Spring,1
2016-03-24T01:57:34Z,Canvas,Spring,1
2016-03-24T02:06:11Z,Canvas,Spring,1
2016-03-24T15:38:47Z,Boot,Spring,2
2016-03-24T15:38:47Z,Boot,Spring,2
2016-03-24T22:28:20Z,Shoe,Spring,1
2016-03-25T01:05:17Z,Shoe,Spring,1
2016-03-25T01:31:40Z,Boot,Spring,2
2016-03-25T01:31:40Z,Boot,Spring,2
2016-03-25T01:31:49Z,Boot,Spring,2
2016-03-25T01:31:49Z,Boot,Spring,2
2016-03-25T01:32:03Z,Boot,Spring,2
2016-03-25T01:32:03Z,Boot,Spring,2
2016-03-25T13:42:20Z,Shoe,Spring,1
2016-03-25T22:47:49Z,Boot,Spring,2
2016-03-25T22:47:49Z,Boot,Spring,2
2016-03-25T22:49:14Z,Boot,Spring,2
2016-03-25T22:49:14Z,Boot,Spring,2
2016-03-26T00:12:08Z,Shoe,Spring,1
2016-03-26T22:21:11Z,Shoe,Spring,2
2016-03-26T22:21:11Z,Shoe,Spring,2
2016-03-26T22:25:13Z,Shoe,Spring,2
2016-03-26T22:25:13Z,Shoe,Spring,2
2016-03-26T22:25:15Z,Shoe,Spring,4
2016-03-26T22:25:15Z,Shoe,Spring,4
2016-03-26T22:25:15Z,Shoe,Spring,4
2016-03-26T22:25:15Z,Shoe,Spring,4
2016-03-27T12:07:30Z,Loafer,Spring,1
2016-03-27T12:08:08Z,Shoe,Spring,5
2016-03-27T12:08:08Z,Shoe,Spring,5
2016-03-27T12:08:08Z,Shoe,Spring,5
2016-03-27T12:08:08Z,Shoe,Spring,5
2016-03-27T12:08:08Z,Shoe,Spring,5
2016-03-27T12:08:32Z,Sneaker,Spring,4
2016-03-27T12:08:32Z,Sneaker,Spring,4
2016-03-27T12:08:32Z,Sneaker,Spring,4
2016-03-27T12:08:32Z,Sneaker,Spring,4
2016-03-27T12:09:27Z,Shoe,Spring,2
2016-03-27T12:09:27Z,Shoe,Spring,2
2016-03-27T12:09:32Z,Sneaker,Spring,1
2016-03-27T21:24:18Z,Shoe,Spring,2
2016-03-27T21:24:18Z,Shoe,Spring,2
2016-03-27T22:09:54Z,Shoe,Spring,1
2016-03-27T22:38:49Z,Shoe,Spring,1
2016-03-28T22:15:08Z,Shoe,Spring,1
2016-03-29T03:16:16Z,Boot,Spring,2
2016-03-29T03:16:16Z,Boot,Spring,2
2016-03-29T03:17:47Z,Shoe,Spring,2
2016-03-29T03:17:47Z,Shoe,Spring,2
2016-03-29T03:19:00Z,Boot,Spring,2
2016-03-29T03:19:00Z,Boot,Spring,2
2016-03-29T03:20:00Z,Shoe,Spring,2
2016-03-29T03:20:00Z,Shoe,Spring,2
2016-03-29T03:20:21Z,Boot,Spring,2
2016-03-29T03:20:21Z,Boot,Spring,2
2016-03-29T03:21:24Z,Shoe,Spring,2
2016-03-29T03:21:24Z,Shoe,Spring,2
2016-03-29T03:22:31Z,Boot,Spring,2
2016-03-29T03:22:31Z,Boot,Spring,2
2016-03-29T04:17:49Z,Oxford,Spring,1
2016-03-29T05:07:49Z,Shoe,Spring,2
2016-03-29T05:07:49Z,Shoe,Spring,2
2016-03-29T05:09:56Z,Shoe,Spring,2
2016-03-29T05:09:56Z,Shoe,Spring,2
2016-03-29T05:14:27Z,Shoe,Spring,2
2016-03-29T05:14:27Z,Shoe,Spring,2
2016-03-29T19:55:04Z,Boot,Spring,4
2016-03-29T19:55:04Z,Boot,Spring,4
2016-03-29T19:55:04Z,Boot,Spring,4
2016-03-29T19:55:04Z,Boot,Spring,4
2016-03-29T19:55:48Z,Boot,Spring,2
2016-03-29T19:55:48Z,Boot,Spring,2
2016-03-30T00:48:53Z,Shoe,Spring,2
2016-03-30T00:48:53Z,Shoe,Spring,2
2016-03-30T00:52:34Z,Shoe,Spring,2
2016-03-30T00:52:34Z,Shoe,Spring,2
2016-03-30T00:56:31Z,Shoe,Spring,2
2016-03-30T00:56:31Z,Shoe,Spring,2
2016-03-30T00:56:39Z,Shoe,Spring,2
2016-03-30T00:56:39Z,Shoe,Spring,2
2016-03-30T17:09:53Z,Shoe,Spring,1
2016-03-30T17:20:05Z,Boot,Spring,1
2016-03-30T17:25:11Z,Shoe,Spring,1
2016-03-30T17:45:23Z,Loafer,Spring,1
2016-03-30T17:50:26Z,Shoe,Spring,1
2016-03-30T18:10:42Z,Shoe,Spring,1
2016-03-30T19:24:38Z,Shoe,Spring,3
2016-03-30T19:24:38Z,Shoe,Spring,3
2016-03-30T19:24:38Z,Shoe,Spring,3
2016-03-30T19:25:43Z,Shoe,Spring,3
2016-03-30T19:25:43Z,Shoe,Spring,3
2016-03-30T19:25:43Z,Shoe,Spring,3
2016-03-30T19:26:12Z,Shoe,Spring,5
2016-03-30T19:26:12Z,Shoe,Spring,5
2016-03-30T19:26:12Z,Shoe,Spring,5
2016-03-30T19:26:12Z,Shoe,Spring,5
2016-03-30T19:26:12Z,Shoe,Spring,5
2016-03-30T20:08:42Z,Boot,Spring,1
2016-03-30T20:09:09Z,Boot,Spring,2
2016-03-30T20:09:09Z,Boot,Spring,2
2016-03-30T20:10:23Z,Boot,Spring,1
2016-03-30T20:28:57Z,Canvas,Spring,2
2016-03-30T20:28:57Z,Canvas,Spring,2
2016-03-30T20:29:58Z,Canvas,Spring,4
2016-03-30T20:29:58Z,Canvas,Spring,4
2016-03-30T20:29:58Z,Canvas,Spring,4
2016-03-30T20:29:58Z,Canvas,Spring,4
2016-03-30T20:58:41Z,Shoe,Spring,4
2016-03-30T20:58:41Z,Shoe,Spring,4
2016-03-30T20:58:41Z,Shoe,Spring,4
2016-03-30T20:58:41Z,Shoe,Spring,4
2016-03-30T20:58:48Z,Boot,Spring,3
2016-03-30T20:58:48Z,Boot,Spring,3
2016-03-30T20:58:48Z,Boot,Spring,3
2016-03-30T20:59:11Z,Boot,Spring,2
2016-03-30T20:59:11Z,Boot,Spring,2
2016-03-30T21:14:09Z,Boot,Spring,2
2016-03-30T21:14:09Z,Boot,Spring,2
2016-03-30T21:14:18Z,Boot,Spring,2
2016-03-30T21:14:18Z,Boot,Spring,2
2016-03-30T21:15:10Z,Shoe,Spring,1
2016-03-30T21:16:10Z,Boot,Spring,1
2016-03-30T21:16:15Z,Boot,Spring,2
2016-03-30T21:16:15Z,Boot,Spring,2
2016-03-30T21:16:33Z,Boot,Spring,2
2016-03-30T21:16:33Z,Boot,Spring,2
2016-03-30T21:16:57Z,Shoe,Spring,1
2016-03-30T21:17:02Z,Boot,Spring,2
2016-03-30T21:17:02Z,Boot,Spring,2
2016-03-30T21:17:25Z,Boot,Spring,2
2016-03-30T21:17:25Z,Boot,Spring,2
2016-03-30T21:17:44Z,Boot,Spring,2
2016-03-30T21:17:44Z,Boot,Spring,2
2016-03-30T21:18:13Z,Boot,Spring,2
2016-03-30T21:18:13Z,Boot,Spring,2
2016-03-30T21:18:18Z,Boot,Spring,2
2016-03-30T21:18:18Z,Boot,Spring,2
2016-03-30T21:18:27Z,Boot,Spring,2
2016-03-30T21:18:27Z,Boot,Spring,2
2016-03-30T21:18:33Z,Boot,Spring,2
2016-03-30T21:18:33Z,Boot,Spring,2
2016-03-30T21:28:16Z,Shoe,Spring,1
2016-03-30T21:31:58Z,Shoe,Spring,1
2016-03-31T01:36:03Z,Boot,Spring,1
2016-03-31T02:03:24Z,Shoe,Spring,1
2016-03-31T18:25:00Z,Loafer,Spring,2
2016-03-31T18:25:00Z,Loafer,Spring,2
2016-03-31T23:14:24Z,Shoe,Spring,1
2016-04-01T02:58:33Z,Boot,Spring,3
2016-04-01T02:58:33Z,Boot,Spring,3
2016-04-01T02:58:33Z,Boot,Spring,3
2016-04-01T02:58:52Z,Boot,Spring,4
2016-04-01T02:58:52Z,Boot,Spring,4
2016-04-01T02:58:52Z,Boot,Spring,4
2016-04-01T02:58:52Z,Boot,Spring,4
2016-04-01T02:59:11Z,Boot,Spring,5
2016-04-01T02:59:11Z,Boot,Spring,5
2016-04-01T02:59:11Z,Boot,Spring,5
2016-04-01T02:59:11Z,Boot,Spring,5
2016-04-01T02:59:11Z,Boot,Spring,5
2016-04-01T02:59:14Z,Boot,Spring,5
2016-04-01T02:59:14Z,Boot,Spring,5
2016-04-01T02:59:14Z,Boot,Spring,5
2016-04-01T02:59:14Z,Boot,Spring,5
2016-04-01T02:59:14Z,Boot,Spring,5
2016-04-01T02:59:29Z,Boot,Spring,3
2016-04-01T02:59:29Z,Boot,Spring,3
2016-04-01T02:59:29Z,Boot,Spring,3
2016-04-01T02:59:30Z,Boot,Spring,4
2016-04-01T02:59:30Z,Boot,Spring,4
2016-04-01T02:59:30Z,Boot,Spring,4
2016-04-01T02:59:30Z,Boot,Spring,4
2016-04-01T02:59:42Z,Boot,Spring,3
2016-04-01T02:59:42Z,Boot,Spring,3
2016-04-01T02:59:42Z,Boot,Spring,3
2016-04-01T02:59:47Z,Boot,Spring,3
2016-04-01T02:59:47Z,Boot,Spring,3
2016-04-01T02:59:47Z,Boot,Spring,3
2016-04-01T02:59:52Z,Boot,Spring,3
2016-04-01T02:59:52Z,Boot,Spring,3
2016-04-01T02:59:52Z,Boot,Spring,3
2016-04-01T02:59:53Z,Boot,Spring,3
2016-04-01T02:59:53Z,Boot,Spring,3
2016-04-01T02:59:53Z,Boot,Spring,3
2016-04-01T02:59:57Z,Boot,Spring,3
2016-04-01T02:59:57Z,Boot,Spring,3
2016-04-01T02:59:57Z,Boot,Spring,3
2016-04-01T03:00:37Z,Boot,Spring,3
2016-04-01T03:00:37Z,Boot,Spring,3
2016-04-01T03:00:37Z,Boot,Spring,3
2016-04-01T03:09:16Z,Shoe,Spring,1
2016-04-01T04:01:42Z,Canvas,Spring,2
2016-04-01T04:01:42Z,Canvas,Spring,2
2016-04-01T04:35:39Z,Sneaker,Spring,4
2016-04-01T04:35:39Z,Sneaker,Spring,4
2016-04-01T04:35:39Z,Sneaker,Spring,4
2016-04-01T04:35:39Z,Sneaker,Spring,4
2016-04-01T05:29:14Z,Oxford,Spring,2
2016-04-01T05:29:14Z,Oxford,Spring,2
2016-04-01T05:29:56Z,Shoe,Spring,2
2016-04-01T05:29:56Z,Shoe,Spring,2
2016-04-01T05:33:33Z,Oxford,Spring,2
2016-04-01T05:33:33Z,Oxford,Spring,2
2016-04-01T05:38:50Z,Oxford,Spring,2
2016-04-01T05:38:50Z,Oxford,Spring,2
2016-04-01T05:39:37Z,Shoe,Spring,2
2016-04-01T05:39:37Z,Shoe,Spring,2
2016-04-01T05:40:11Z,Oxford,Spring,2
2016-04-01T05:40:11Z,Oxford,Spring,2
2016-04-01T05:40:31Z,Oxford,Spring,2
2016-04-01T05:40:31Z,Oxford,Spring,2
2016-04-01T05:46:42Z,Oxford,Spring,2
2016-04-01T05:46:42Z,Oxford,Spring,2
2016-04-01T05:47:20Z,Shoe,Spring,2
2016-04-01T05:47:20Z,Shoe,Spring,2
2016-04-01T18:49:26Z,Shoe,Spring,1
2016-04-01T18:51:38Z,Boot,Spring,1
2016-04-01T18:57:10Z,Shoe,Spring,1
2016-04-01T18:57:58Z,Shoe,Spring,1
2016-04-01T18:58:23Z,Shoe,Spring,2
2016-04-01T18:58:23Z,Shoe,Spring,2
2016-04-01T19:02:33Z,Shoe,Spring,1
2016-04-01T20:26:35Z,Shoe,Spring,2
2016-04-01T20:26:35Z,Shoe,Spring,2
2016-04-01T20:29:40Z,Shoe,Spring,1
2016-04-01T20:51:44Z,Shoe,Spring,2
2016-04-01T20:51:44Z,Shoe,Spring,2
2016-04-01T21:21:43Z,Canvas,Spring,1
2016-04-01T21:29:00Z,Canvas,Spring,3
2016-04-01T21:29:00Z,Canvas,Spring,3
2016-04-01T21:29:00Z,Canvas,Spring,3
2016-04-02T00:14:56Z,Shoe,Spring,2
2016-04-02T00:14:56Z,Shoe,Spring,2
2016-04-02T00:15:27Z,Oxford,Spring,1
2016-04-02T02:47:38Z,Shoe,Spring,3
2016-04-02T02:47:38Z,Shoe,Spring,3
2016-04-02T02:47:38Z,Shoe,Spring,3
2016-04-02T02:49:11Z,Boot,Spring,5
2016-04-02T02:49:11Z,Boot,Spring,5
2016-04-02T02:49:11Z,Boot,Spring,5
2016-04-02T02:49:11Z,Boot,Spring,5
2016-04-02T02:49:11Z,Boot,Spring,5
2016-04-02T02:49:27Z,Shoe,Spring,2
2016-04-02T02:49:27Z,Shoe,Spring,2
2016-04-02T02:49:58Z,Shoe,Spring,2
2016-04-02T02:49:58Z,Shoe,Spring,2
2016-04-02T03:00:16Z,Shoe,Spring,5
2016-04-02T03:00:16Z,Shoe,Spring,5
2016-04-02T03:00:16Z,Shoe,Spring,5
2016-04-02T03:00:16Z,Shoe,Spring,5
2016-04-02T03:00:16Z,Shoe,Spring,5
2016-04-02T14:38:18Z,Shoe,Spring,1
2016-04-02T14:44:59Z,Shoe,Spring,1
2016-04-02T14:45:52Z,Shoe,Spring,1
2016-04-02T14:45:58Z,Shoe,Spring,1
2016-04-02T14:48:00Z,Shoe,Spring,1
2016-04-02T15:02:51Z,Shoe,Spring,1
2016-04-03T05:00:10Z,Shoe,Spring,1
2016-04-03T17:48:21Z,Canvas,Spring,1
2016-04-04T23:56:57Z,Canvas,Spring,2
2016-04-04T23:56:57Z,Canvas,Spring,2
2016-04-05T21:56:49Z,Canvas,Spring,3
2016-04-05T21:56:49Z,Canvas,Spring,3
2016-04-05T21:56:49Z,Canvas,Spring,3
2016-04-05T21:57:48Z,Canvas,Spring,3
2016-04-05T21:57:48Z,Canvas,Spring,3
2016-04-05T21:57:48Z,Canvas,Spring,3
2016-04-05T22:01:30Z,Canvas,Spring,1
2016-04-05T22:03:55Z,Canvas,Spring,1
2016-04-05T22:28:02Z,Shoe,Spring,2
2016-04-05T22:28:02Z,Shoe,Spring,2
2016-04-05T23:23:48Z,Boot,Spring,2
2016-04-05T23:23:48Z,Boot,Spring,2
2016-04-05T23:24:02Z,Boot,Spring,2
2016-04-05T23:24:02Z,Boot,Spring,2
2016-04-05T23:27:23Z,Boot,Spring,2
2016-04-05T23:27:23Z,Boot,Spring,2
2016-04-05T23:28:55Z,Boot,Spring,2
2016-04-05T23:28:55Z,Boot,Spring,2
2016-04-05T23:29:03Z,Boot,Spring,2
2016-04-05T23:29:03Z,Boot,Spring,2
2016-04-05T23:29:11Z,Boot,Spring,2
2016-04-05T23:29:11Z,Boot,Spring,2
2016-04-05T23:29:16Z,Boot,Spring,2
2016-04-05T23:29:16Z,Boot,Spring,2
2016-04-05T23:29:24Z,Boot,Spring,2
2016-04-05T23:29:24Z,Boot,Spring,2
2016-04-05T23:29:25Z,Boot,Spring,2
2016-04-05T23:29:25Z,Boot,Spring,2
2016-04-05T23:29:32Z,Boot,Spring,2
2016-04-05T23:29:32Z,Boot,Spring,2
2016-04-05T23:29:52Z,Boot,Spring,2
2016-04-05T23:29:52Z,Boot,Spring,2
2016-04-05T23:29:54Z,Boot,Spring,4
2016-04-05T23:29:54Z,Boot,Spring,4
2016-04-05T23:29:54Z,Boot,Spring,4
2016-04-05T23:29:54Z,Boot,Spring,4
2016-04-05T23:29:58Z,Boot,Spring,2
2016-04-05T23:29:58Z,Boot,Spring,2
2016-04-05T23:30:11Z,Boot,Spring,2
2016-04-05T23:30:11Z,Boot,Spring,2
2016-04-05T23:30:34Z,Boot,Spring,2
2016-04-05T23:30:34Z,Boot,Spring,2
2016-04-05T23:31:33Z,Boot,Spring,2
2016-04-05T23:31:33Z,Boot,Spring,2
2016-04-05T23:31:34Z,Boot,Spring,2
2016-04-05T23:31:34Z,Boot,Spring,2
2016-04-05T23:31:41Z,Boot,Spring,3
2016-04-05T23:31:41Z,Boot,Spring,3
2016-04-05T23:31:41Z,Boot,Spring,3
2016-04-05T23:32:01Z,Boot,Spring,2
2016-04-05T23:32:01Z,Boot,Spring,2
2016-04-05T23:32:04Z,Boot,Spring,2
2016-04-05T23:32:04Z,Boot,Spring,2
2016-04-05T23:33:21Z,Boot,Spring,2
2016-04-05T23:33:21Z,Boot,Spring,2
2016-04-05T23:34:01Z,Boot,Spring,2
2016-04-05T23:34:01Z,Boot,Spring,2
2016-04-05T23:34:03Z,Boot,Spring,2
2016-04-05T23:34:03Z,Boot,Spring,2
2016-04-05T23:34:06Z,Boot,Spring,2
2016-04-05T23:34:06Z,Boot,Spring,2
2016-04-05T23:34:15Z,Boot,Spring,1
2016-04-05T23:34:22Z,Boot,Spring,2
2016-04-05T23:34:22Z,Boot,Spring,2
2016-04-05T23:34:29Z,Boot,Spring,2
2016-04-05T23:34:29Z,Boot,Spring,2
2016-04-06T01:08:30Z,Canvas,Spring,2
2016-04-06T01:08:30Z,Canvas,Spring,2
2016-04-06T02:11:29Z,Boot,Spring,2
2016-04-06T02:11:29Z,Boot,Spring,2
2016-04-06T02:16:16Z,Shoe,Spring,3
2016-04-06T02:16:16Z,Shoe,Spring,3
2016-04-06T02:16:16Z,Shoe,Spring,3
2016-04-06T02:22:39Z,Boot,Spring,3
2016-04-06T02:22:39Z,Boot,Spring,3
2016-04-06T02:22:39Z,Boot,Spring,3
2016-04-06T04:46:14Z,Boot,Spring,1
2016-04-06T06:23:25Z,Canvas,Spring,2
2016-04-06T06:23:25Z,Canvas,Spring,2
2016-04-06T06:23:46Z,Canvas,Spring,2
2016-04-06T06:23:46Z,Canvas,Spring,2
2016-04-06T06:39:28Z,Canvas,Spring,2
2016-04-06T06:39:28Z,Canvas,Spring,2
2016-04-06T07:18:10Z,Shoe,Spring,6
2016-04-06T07:18:10Z,Shoe,Spring,6
2016-04-06T07:18:10Z,Shoe,Spring,6
2016-04-06T07:18:10Z,Shoe,Spring,6
2016-04-06T07:18:10Z,Shoe,Spring,6
2016-04-06T07:18:10Z,Shoe,Spring,6
2016-04-06T07:18:16Z,Boot,Spring,5
2016-04-06T07:18:16Z,Boot,Spring,5
2016-04-06T07:18:16Z,Boot,Spring,5
2016-04-06T07:18:16Z,Boot,Spring,5
2016-04-06T07:18:16Z,Boot,Spring,5
2016-04-06T07:18:39Z,Boot,Spring,3
2016-04-06T07:18:39Z,Boot,Spring,3
2016-04-06T07:18:39Z,Boot,Spring,3
2016-04-06T07:20:02Z,Shoe,Spring,2
2016-04-06T07:20:02Z,Shoe,Spring,2
2016-04-06T09:09:42Z,Shoe,Spring,1
2016-04-07T22:52:10Z,Shoe,Spring,2
2016-04-07T22:52:10Z,Shoe,Spring,2
2016-04-07T22:57:48Z,Shoe,Spring,1
2016-04-07T23:00:45Z,Shoe,Spring,2
2016-04-07T23:00:45Z,Shoe,Spring,2
2016-04-07T23:00:57Z,Shoe,Spring,2
2016-04-07T23:00:57Z,Shoe,Spring,2
2016-04-07T23:06:46Z,Shoe,Spring,1
2016-04-07T23:19:07Z,Shoe,Spring,1
2016-04-07T23:33:13Z,Shoe,Spring,3
2016-04-07T23:33:13Z,Shoe,Spring,3
2016-04-07T23:33:13Z,Shoe,Spring,3
2016-04-07T23:39:03Z,Shoe,Spring,1
2016-04-07T23:45:49Z,Shoe,Spring,2
2016-04-07T23:45:49Z,Shoe,Spring,2
2016-04-07T23:57:29Z,Shoe,Spring,1
2016-04-08T01:13:36Z,Shoe,Spring,1
2016-04-08T01:13:55Z,Shoe,Spring,1
2016-04-08T01:15:55Z,Shoe,Spring,1
2016-04-08T01:19:38Z,Shoe,Spring,2
2016-04-08T01:19:38Z,Shoe,Spring,2
2016-04-08T03:02:32Z,Boot,Spring,4
2016-04-08T03:02:32Z,Boot,Spring,4
2016-04-08T03:02:32Z,Boot,Spring,4
2016-04-08T03:02:32Z,Boot,Spring,4
2016-04-08T05:35:21Z,Shoe,Spring,1
2016-04-08T06:47:22Z,Boot,Spring,1
2016-04-08T08:20:37Z,Shoe,Spring,1
2016-04-08T23:23:31Z,Canvas,Spring,5
2016-04-08T23:23:31Z,Canvas,Spring,5
2016-04-08T23:23:31Z,Canvas,Spring,5
2016-04-08T23:23:31Z,Canvas,Spring,5
2016-04-08T23:23:31Z,Canvas,Spring,5
2016-04-08T23:26:05Z,Canvas,Spring,1
2016-04-08T23:29:01Z,Canvas,Spring,1
2016-04-09T22:48:04Z,Canvas,Spring,1
2016-04-10T23:07:04Z,Shoe,Spring,3
2016-04-10T23:07:04Z,Shoe,Spring,3
2016-04-10T23:07:04Z,Shoe,Spring,3
2016-04-10T23:13:59Z,Boot,Spring,3
2016-04-10T23:13:59Z,Boot,Spring,3
2016-04-10T23:13:59Z,Boot,Spring,3
2016-04-10T23:15:54Z,Shoe,Spring,6
2016-04-10T23:15:54Z,Shoe,Spring,6
2016-04-10T23:15:54Z,Shoe,Spring,6
2016-04-10T23:15:54Z,Shoe,Spring,6
2016-04-10T23:15:54Z,Shoe,Spring,6
2016-04-10T23:15:54Z,Shoe,Spring,6
2016-04-10T23:16:37Z,Shoe,Spring,1
2016-04-10T23:16:52Z,Boot,Spring,2
2016-04-10T23:16:52Z,Boot,Spring,2
2016-04-10T23:19:00Z,Boot,Spring,2
2016-04-10T23:19:00Z,Boot,Spring,2
2016-04-10T23:20:51Z,Shoe,Spring,3
2016-04-10T23:20:51Z,Shoe,Spring,3
2016-04-10T23:20:51Z,Shoe,Spring,3
2016-04-10T23:21:38Z,Shoe,Spring,1
2016-04-10T23:23:30Z,Shoe,Spring,3
2016-04-10T23:23:30Z,Shoe,Spring,3
2016-04-10T23:23:30Z,Shoe,Spring,3
2016-04-10T23:26:51Z,Shoe,Spring,4
2016-04-10T23:26:51Z,Shoe,Spring,4
2016-04-10T23:26:51Z,Shoe,Spring,4
2016-04-10T23:26:51Z,Shoe,Spring,4
2016-04-10T23:27:29Z,Shoe,Spring,3
2016-04-10T23:27:29Z,Shoe,Spring,3
2016-04-10T23:27:29Z,Shoe,Spring,3
2016-04-10T23:31:13Z,Shoe,Spring,1
2016-04-10T23:32:42Z,Shoe,Spring,2
2016-04-10T23:32:42Z,Shoe,Spring,2
2016-04-12T03:14:59Z,Shoe,Spring,3
2016-04-12T03:14:59Z,Shoe,Spring,3
2016-04-12T03:14:59Z,Shoe,Spring,3
2016-04-12T03:22:48Z,Shoe,Spring,2
2016-04-12T03:22:48Z,Shoe,Spring,2
2016-04-12T03:25:16Z,Shoe,Spring,3
2016-04-12T03:25:16Z,Shoe,Spring,3
2016-04-12T03:25:16Z,Shoe,Spring,3
2016-04-12T03:27:55Z,Shoe,Spring,1
2016-04-12T03:34:01Z,Shoe,Spring,3
2016-04-12T03:34:01Z,Shoe,Spring,3
2016-04-12T03:34:01Z,Shoe,Spring,3
2016-04-12T03:40:56Z,Shoe,Spring,3
2016-04-12T03:40:56Z,Shoe,Spring,3
2016-04-12T03:40:56Z,Shoe,Spring,3
2016-04-12T03:55:14Z,Shoe,Spring,2
2016-04-12T03:55:14Z,Shoe,Spring,2
2016-04-12T04:00:40Z,Shoe,Spring,2
2016-04-12T04:00:40Z,Shoe,Spring,2
2016-04-12T04:07:24Z,Shoe,Spring,3
2016-04-12T04:07:24Z,Shoe,Spring,3
2016-04-12T04:07:24Z,Shoe,Spring,3
2016-04-12T04:11:26Z,Shoe,Spring,3
2016-04-12T04:11:26Z,Shoe,Spring,3
2016-04-12T04:11:26Z,Shoe,Spring,3
2016-04-12T04:13:43Z,Shoe,Spring,15
2016-04-12T04:13:43Z,Shoe,Spring,15
2016-04-12T04:13:43Z,Shoe,Spring,15
2016-04-12T04:13:43Z,Shoe,Spring,15
2016-04-12T04:13:43Z,Shoe,Spring,15
2016-04-12T04:13:43Z,Shoe,Spring,15
2016-04-12T04:13:43Z,Shoe,Spring,15
2016-04-12T04:13:43Z,Shoe,Spring,15
2016-04-12T04:13:43Z,Shoe,Spring,15
2016-04-12T04:13:43Z,Shoe,Spring,15
2016-04-12T04:13:43Z,Shoe,Spring,15
2016-04-12T04:13:43Z,Shoe,Spring,15
2016-04-12T04:13:43Z,Shoe,Spring,15
2016-04-12T04:13:43Z,Shoe,Spring,15
2016-04-12T04:13:43Z,Shoe,Spring,15
2016-04-12T16:24:08Z,Oxford,Spring,1
2016-04-14T15:03:23Z,Shoe,Spring,1
2016-04-15T12:01:49Z,Shoe,Spring,1
2016-04-18T18:31:40Z,Shoe,Spring,3
2016-04-18T18:31:40Z,Shoe,Spring,3
2016-04-18T18:31:40Z,Shoe,Spring,3
2016-04-19T08:38:37Z,Shoe,Spring,2
2016-04-19T08:38:37Z,Shoe,Spring,2
2016-04-19T08:50:09Z,Shoe,Spring,1
2016-04-19T09:19:18Z,Boot,Spring,1
2016-04-19T10:06:18Z,Shoe,Spring,1
2016-04-19T11:56:55Z,Shoe,Spring,3
2016-04-19T11:56:55Z,Shoe,Spring,3
2016-04-19T11:56:55Z,Shoe,Spring,3
2016-04-20T03:10:03Z,Shoe,Spring,1
2016-04-20T04:55:38Z,Sneaker,Spring,3
2016-04-20T04:55:38Z,Sneaker,Spring,3
2016-04-20T04:55:38Z,Sneaker,Spring,3
2016-04-20T07:50:21Z,Sneaker,Spring,1
2016-04-20T08:29:11Z,Boot,Spring,1
2016-04-20T08:41:00Z,Shoe,Spring,3
2016-04-20T08:41:00Z,Shoe,Spring,3
2016-04-20T08:41:00Z,Shoe,Spring,3
2016-04-21T05:48:45Z,Boot,Spring,1
2016-04-21T06:07:56Z,Shoe,Spring,1
2016-04-22T17:46:23Z,Boot,Spring,3
2016-04-22T17:46:23Z,Boot,Spring,3
2016-04-22T17:46:23Z,Boot,Spring,3
2016-04-22T17:52:58Z,Shoe,Spring,2
2016-04-22T17:52:58Z,Shoe,Spring,2
2016-04-22T17:53:29Z,Boot,Spring,1
2016-04-22T17:56:37Z,Loafer,Spring,4
2016-04-22T17:56:37Z,Loafer,Spring,4
2016-04-22T17:56:37Z,Loafer,Spring,4
2016-04-22T17:56:37Z,Loafer,Spring,4
2016-04-23T13:53:58Z,Shoe,Spring,1
2016-04-24T15:15:52Z,Shoe,Spring,2
2016-04-24T15:15:52Z,Shoe,Spring,2
2016-04-25T02:33:09Z,Canvas,Spring,1
2016-04-25T02:37:04Z,Canvas,Spring,1
2016-04-25T03:01:44Z,Canvas,Spring,6
2016-04-25T03:01:44Z,Canvas,Spring,6
2016-04-25T03:01:44Z,Canvas,Spring,6
2016-04-25T03:01:44Z,Canvas,Spring,6
2016-04-25T03:01:44Z,Canvas,Spring,6
2016-04-25T03:01:44Z,Canvas,Spring,6
2016-04-27T12:49:49Z,Shoe,Spring,1
2016-04-27T22:49:34Z,Shoe,Spring,1
2016-04-29T13:43:42Z,Shoe,Spring,2
2016-04-29T13:43:42Z,Shoe,Spring,2
2016-04-29T18:17:22Z,Oxford,Spring,3
2016-04-29T18:17:22Z,Oxford,Spring,3
2016-04-29T18:17:22Z,Oxford,Spring,3
2016-04-29T18:49:34Z,Shoe,Spring,2
2016-04-29T18:49:34Z,Shoe,Spring,2
2016-05-02T00:34:13Z,Shoe,Spring,1
2016-05-02T00:51:52Z,Shoe,Spring,5
2016-05-02T00:51:52Z,Shoe,Spring,5
2016-05-02T00:51:52Z,Shoe,Spring,5
2016-05-02T00:51:52Z,Shoe,Spring,5
2016-05-02T00:51:52Z,Shoe,Spring,5
2016-05-02T00:51:57Z,Shoe,Spring,5
2016-05-02T00:51:57Z,Shoe,Spring,5
2016-05-02T00:51:57Z,Shoe,Spring,5
2016-05-02T00:51:57Z,Shoe,Spring,5
2016-05-02T00:51:57Z,Shoe,Spring,5
2016-05-02T00:53:06Z,Shoe,Spring,1
2016-05-02T00:53:44Z,Shoe,Spring,1
2016-05-02T01:48:51Z,Boot,Spring,1
2016-05-02T02:07:50Z,Shoe,Spring,1
2016-05-02T02:12:42Z,Shoe,Spring,1
2016-05-02T02:13:48Z,Sneaker,Spring,1
2016-05-02T02:14:20Z,Shoe,Spring,1
2016-05-02T13:44:52Z,Shoe,Spring,1
2016-05-02T16:11:15Z,Shoe,Spring,1
2016-05-02T16:28:28Z,Boot,Spring,1
2016-05-04T22:19:20Z,Shoe,Spring,1
2016-05-06T12:09:13Z,Shoe,Spring,1
2016-05-06T13:26:42Z,Shoe,Spring,1
2016-05-06T14:08:37Z,Shoe,Spring,1
2016-05-07T02:22:38Z,Shoe,Spring,2
2016-05-07T02:22:38Z,Shoe,Spring,2
2016-05-07T02:28:55Z,Shoe,Spring,2
2016-05-07T02:28:55Z,Shoe,Spring,2
2016-05-07T02:32:24Z,Boot,Spring,3
2016-05-07T02:32:24Z,Boot,Spring,3
2016-05-07T02:32:24Z,Boot,Spring,3
2016-05-09T02:58:30Z,Shoe,Spring,1
2016-05-09T04:12:52Z,Sneaker,Spring,2
2016-05-09T04:12:52Z,Sneaker,Spring,2
2016-05-09T13:58:13Z,Canvas,Spring,3
2016-05-09T13:58:13Z,Canvas,Spring,3
2016-05-09T13:58:13Z,Canvas,Spring,3
2016-05-11T04:53:15Z,Shoe,Spring,2
2016-05-11T04:53:15Z,Shoe,Spring,2
2016-05-11T18:15:55Z,Boot,Spring,1
2016-05-11T18:16:04Z,Boot,Spring,5
2016-05-11T18:16:04Z,Boot,Spring,5
2016-05-11T18:16:04Z,Boot,Spring,5
2016-05-11T18:16:04Z,Boot,Spring,5
2016-05-11T18:16:04Z,Boot,Spring,5
2016-05-11T18:16:05Z,Shoe,Spring,4
2016-05-11T18:16:05Z,Shoe,Spring,4
2016-05-11T18:16:05Z,Shoe,Spring,4
2016-05-11T18:16:05Z,Shoe,Spring,4
2016-05-11T18:16:21Z,Boot,Spring,2
2016-05-11T18:16:21Z,Boot,Spring,2
2016-05-11T18:16:23Z,Boot,Spring,1
2016-05-11T18:16:31Z,Boot,Spring,3
2016-05-11T18:16:31Z,Boot,Spring,3
2016-05-11T18:16:31Z,Boot,Spring,3
2016-05-11T18:16:38Z,Boot,Spring,3
2016-05-11T18:16:38Z,Boot,Spring,3
2016-05-11T18:16:38Z,Boot,Spring,3
2016-05-11T18:16:44Z,Boot,Spring,2
2016-05-11T18:16:44Z,Boot,Spring,2
2016-05-11T18:17:06Z,Boot,Spring,1
2016-05-11T18:17:10Z,Boot,Spring,1
2016-05-11T18:17:26Z,Boot,Spring,1
2016-05-11T18:18:29Z,Boot,Spring,2
2016-05-11T18:18:29Z,Boot,Spring,2
2016-05-11T18:18:56Z,Boot,Spring,3
2016-05-11T18:18:56Z,Boot,Spring,3
2016-05-11T18:18:56Z,Boot,Spring,3
2016-05-11T18:19:15Z,Boot,Spring,5
2016-05-11T18:19:15Z,Boot,Spring,5
2016-05-11T18:19:15Z,Boot,Spring,5
2016-05-11T18:19:15Z,Boot,Spring,5
2016-05-11T18:19:15Z,Boot,Spring,5
2016-05-11T18:19:17Z,Boot,Spring,3
2016-05-11T18:19:17Z,Boot,Spring,3
2016-05-11T18:19:17Z,Boot,Spring,3
2016-05-11T18:19:18Z,Boot,Spring,2
2016-05-11T18:19:18Z,Boot,Spring,2
2016-05-11T18:20:59Z,Boot,Spring,4
2016-05-11T18:20:59Z,Boot,Spring,4
2016-05-11T18:20:59Z,Boot,Spring,4
2016-05-11T18:20:59Z,Boot,Spring,4
2016-05-11T18:25:10Z,Boot,Spring,1
2016-05-11T18:26:29Z,Boot,Spring,2
2016-05-11T18:26:29Z,Boot,Spring,2
2016-05-11T18:26:38Z,Boot,Spring,2
2016-05-11T18:26:38Z,Boot,Spring,2
2016-05-11T18:26:53Z,Boot,Spring,4
2016-05-11T18:26:53Z,Boot,Spring,4
2016-05-11T18:26:53Z,Boot,Spring,4
2016-05-11T18:26:53Z,Boot,Spring,4
2016-05-11T18:27:11Z,Boot,Spring,2
2016-05-11T18:27:11Z,Boot,Spring,2
2016-05-11T18:28:47Z,Shoe,Spring,1
2016-05-15T13:05:37Z,Shoe,Spring,1
2016-05-15T15:22:51Z,Sneaker,Spring,4
2016-05-15T15:22:51Z,Sneaker,Spring,4
2016-05-15T15:22:51Z,Sneaker,Spring,4
2016-05-15T15:22:51Z,Sneaker,Spring,4
2016-05-16T06:26:44Z,Sneaker,Spring,2
2016-05-16T06:26:44Z,Sneaker,Spring,2
2016-05-16T06:28:22Z,Shoe,Spring,2
2016-05-16T06:28:22Z,Shoe,Spring,2
2016-05-16T06:31:22Z,Boot,Spring,3
2016-05-16T06:31:22Z,Boot,Spring,3
2016-05-16T06:31:22Z,Boot,Spring,3
2016-05-16T18:00:34Z,Sneaker,Spring,2
2016-05-16T18:00:34Z,Sneaker,Spring,2
2016-05-16T18:03:49Z,Loafer,Spring,3
2016-05-16T18:03:49Z,Loafer,Spring,3
2016-05-16T18:03:49Z,Loafer,Spring,3
2016-05-16T18:04:31Z,Shoe,Spring,2
2016-05-16T18:04:31Z,Shoe,Spring,2
2016-05-17T10:15:33Z,Shoe,Spring,1
2016-05-17T14:18:53Z,Boot,Spring,1
2016-05-18T00:09:36Z,Loafer,Spring,3
2016-05-18T00:09:36Z,Loafer,Spring,3
2016-05-18T00:09:36Z,Loafer,Spring,3
2016-05-18T03:26:31Z,Canvas,Spring,3
2016-05-18T03:26:31Z,Canvas,Spring,3
2016-05-18T03:26:31Z,Canvas,Spring,3
2016-05-18T20:12:06Z,Shoe,Spring,2
2016-05-18T20:12:06Z,Shoe,Spring,2
2016-05-18T20:39:58Z,Shoe,Spring,4
2016-05-18T20:39:58Z,Shoe,Spring,4
2016-05-18T20:39:58Z,Shoe,Spring,4
2016-05-18T20:39:58Z,Shoe,Spring,4
2016-05-20T14:30:08Z,Shoe,Spring,1
2016-05-21T00:57:51Z,Shoe,Spring,1
2016-05-23T03:54:53Z,Shoe,Spring,1
2016-05-23T04:05:02Z,Shoe,Spring,2
2016-05-23T04:05:02Z,Shoe,Spring,2
2016-05-23T07:02:14Z,Boot,Spring,1
2016-05-23T07:02:24Z,Boot,Spring,2
2016-05-23T07:02:24Z,Boot,Spring,2
2016-05-23T07:12:39Z,Canvas,Spring,3
2016-05-23T07:12:39Z,Canvas,Spring,3
2016-05-23T07:12:39Z,Canvas,Spring,3
2016-05-23T09:31:30Z,Boot,Spring,1
2016-05-23T11:55:29Z,Shoe,Spring,1
2016-05-24T03:53:20Z,Shoe,Spring,1
2016-05-24T05:00:30Z,Loafer,Spring,1
2016-05-24T05:19:18Z,Shoe,Spring,1
2016-05-24T06:38:14Z,Shoe,Spring,2
2016-05-24T06:38:14Z,Shoe,Spring,2
2016-05-24T07:52:49Z,Shoe,Spring,1
2016-05-24T15:13:38Z,Shoe,Spring,1
2016-05-25T06:31:16Z,Shoe,Spring,1
2016-05-25T07:15:41Z,Boot,Spring,2
2016-05-25T07:15:41Z,Boot,Spring,2
2016-05-25T07:22:35Z,Boot,Spring,1
2016-05-25T08:27:45Z,Shoe,Spring,2
2016-05-25T08:27:45Z,Shoe,Spring,2
2016-05-25T16:42:53Z,Shoe,Spring,1
2016-05-31T09:40:41Z,Boot,Spring,1
2016-05-31T09:41:12Z,Shoe,Spring,1
2016-05-31T10:32:45Z,Shoe,Spring,1
2016-05-31T10:56:23Z,Oxford,Spring,2
2016-05-31T10:56:23Z,Oxford,Spring,2
2016-05-31T11:02:24Z,Shoe,Spring,1
2016-05-31T14:08:43Z,Shoe,Spring,4
2016-05-31T14:08:43Z,Shoe,Spring,4
2016-05-31T14:08:43Z,Shoe,Spring,4
2016-05-31T14:08:43Z,Shoe,Spring,4
2016-05-31T14:32:02Z,Boot,Spring,3
2016-05-31T14:32:02Z,Boot,Spring,3
2016-05-31T14:32:02Z,Boot,Spring,3
2016-05-31T14:35:53Z,Shoe,Spring,1
2016-05-31T15:09:06Z,Loafer,Spring,2
2016-05-31T15:09:06Z,Loafer,Spring,2
2016-06-05T02:17:53Z,Shoe,Summer,2
2016-06-05T02:17:53Z,Shoe,Summer,2
2016-06-05T04:01:26Z,Loafer,Summer,3
2016-06-05T04:01:26Z,Loafer,Summer,3
2016-06-05T04:01:26Z,Loafer,Summer,3
2016-06-06T15:39:32Z,Boot,Summer,1
2016-06-06T15:50:18Z,Shoe,Summer,1
2016-06-06T15:50:22Z,Shoe,Summer,1
2016-06-06T15:50:23Z,Shoe,Summer,1
2016-06-08T03:30:49Z,Shoe,Summer,2
2016-06-08T03:30:49Z,Shoe,Summer,2
2016-06-08T04:06:59Z,Shoe,Summer,3
2016-06-08T04:06:59Z,Shoe,Summer,3
2016-06-08T04:06:59Z,Shoe,Summer,3
2016-06-08T04:07:46Z,Sneaker,Summer,3
2016-06-08T04:07:46Z,Sneaker,Summer,3
2016-06-08T04:07:46Z,Sneaker,Summer,3
2016-06-08T04:11:09Z,Shoe,Summer,2
2016-06-08T04:11:09Z,Shoe,Summer,2
2016-06-08T04:16:14Z,Sneaker,Summer,3
2016-06-08T04:16:14Z,Sneaker,Summer,3
2016-06-08T04:16:14Z,Sneaker,Summer,3
2016-06-08T05:28:43Z,Shoe,Summer,2
2016-06-08T05:28:43Z,Shoe,Summer,2
2016-06-08T05:29:12Z,Boot,Summer,2
2016-06-08T05:29:12Z,Boot,Summer,2
2016-06-08T05:29:40Z,Boot,Summer,3
2016-06-08T05:29:40Z,Boot,Summer,3
2016-06-08T05:29:40Z,Boot,Summer,3
2016-06-08T05:29:50Z,Shoe,Summer,2
2016-06-08T05:29:50Z,Shoe,Summer,2
2016-06-08T05:30:25Z,Sneaker,Summer,2
2016-06-08T05:30:25Z,Sneaker,Summer,2
2016-06-08T05:31:04Z,Sneaker,Summer,4
2016-06-08T05:31:04Z,Sneaker,Summer,4
2016-06-08T05:31:04Z,Sneaker,Summer,4
2016-06-08T05:31:04Z,Sneaker,Summer,4
2016-06-08T05:32:46Z,Shoe,Summer,2
2016-06-08T05:32:46Z,Shoe,Summer,2
2016-06-08T05:32:48Z,Shoe,Summer,3
2016-06-08T05:32:48Z,Shoe,Summer,3
2016-06-08T05:32:48Z,Shoe,Summer,3
2016-06-08T05:33:01Z,Shoe,Summer,3
2016-06-08T05:33:01Z,Shoe,Summer,3
2016-06-08T05:33:01Z,Shoe,Summer,3
2016-06-08T05:33:04Z,Sneaker,Summer,5
2016-06-08T05:33:04Z,Sneaker,Summer,5
2016-06-08T05:33:04Z,Sneaker,Summer,5
2016-06-08T05:33:04Z,Sneaker,Summer,5
2016-06-08T05:33:04Z,Sneaker,Summer,5
2016-06-08T05:33:21Z,Shoe,Summer,3
2016-06-08T05:33:21Z,Shoe,Summer,3
2016-06-08T05:33:21Z,Shoe,Summer,3
2016-06-08T05:33:46Z,Shoe,Summer,4
2016-06-08T05:33:46Z,Shoe,Summer,4
2016-06-08T05:33:46Z,Shoe,Summer,4
2016-06-08T05:33:46Z,Shoe,Summer,4
2016-06-08T05:33:47Z,Shoe,Summer,3
2016-06-08T05:33:47Z,Shoe,Summer,3
2016-06-08T05:33:47Z,Shoe,Summer,3
2016-06-08T05:33:55Z,Shoe,Summer,2
2016-06-08T05:33:55Z,Shoe,Summer,2
2016-06-08T05:34:02Z,Shoe,Summer,2
2016-06-08T05:34:02Z,Shoe,Summer,2
2016-06-08T05:34:08Z,Shoe,Summer,3
2016-06-08T05:34:08Z,Shoe,Summer,3
2016-06-08T05:34:08Z,Shoe,Summer,3
2016-06-08T05:34:11Z,Shoe,Summer,3
2016-06-08T05:34:11Z,Shoe,Summer,3
2016-06-08T05:34:11Z,Shoe,Summer,3
2016-06-11T08:20:36Z,Shoe,Summer,4
2016-06-11T08:20:36Z,Shoe,Summer,4
2016-06-11T08:20:36Z,Shoe,Summer,4
2016-06-11T08:20:36Z,Shoe,Summer,4
2016-06-11T08:20:45Z,Loafer,Summer,2
2016-06-11T08:20:45Z,Loafer,Summer,2
2016-06-13T02:06:06Z,Shoe,Summer,3
2016-06-13T02:06:06Z,Shoe,Summer,3
2016-06-13T02:06:06Z,Shoe,Summer,3
2016-06-13T02:07:18Z,Boot,Summer,2
2016-06-13T02:07:18Z,Boot,Summer,2
2016-06-13T02:15:02Z,Shoe,Summer,2
2016-06-13T02:15:02Z,Shoe,Summer,2
2016-06-14T01:49:42Z,Boot,Summer,3
2016-06-14T01:49:42Z,Boot,Summer,3
2016-06-14T01:49:42Z,Boot,Summer,3
2016-06-14T01:54:10Z,Sneaker,Summer,2
2016-06-14T01:54:10Z,Sneaker,Summer,2
2016-06-14T01:58:41Z,Shoe,Summer,2
2016-06-14T01:58:41Z,Shoe,Summer,2
2016-06-14T02:01:21Z,Shoe,Summer,5
2016-06-14T02:01:21Z,Shoe,Summer,5
2016-06-14T02:01:21Z,Shoe,Summer,5
2016-06-14T02:01:21Z,Shoe,Summer,5
2016-06-14T02:01:21Z,Shoe,Summer,5
2016-06-14T02:01:59Z,Boot,Summer,1
2016-06-15T03:48:37Z,Shoe,Summer,2
2016-06-15T03:48:37Z,Shoe,Summer,2
2016-06-17T05:16:08Z,Boot,Summer,1
2016-06-17T09:15:03Z,Sneaker,Summer,2
2016-06-17T09:15:03Z,Sneaker,Summer,2
2016-06-17T09:15:09Z,Shoe,Summer,2
2016-06-17T09:15:09Z,Shoe,Summer,2
2016-06-17T09:16:31Z,Shoe,Summer,2
2016-06-17T09:16:31Z,Shoe,Summer,2
2016-06-17T09:30:03Z,Sneaker,Summer,2
2016-06-17T09:30:03Z,Sneaker,Summer,2
2016-06-17T13:20:07Z,Canvas,Summer,1
2016-06-17T14:10:02Z,Shoe,Summer,3
2016-06-17T14:10:02Z,Shoe,Summer,3
2016-06-17T14:10:02Z,Shoe,Summer,3
2016-06-17T14:11:32Z,Shoe,Summer,6
2016-06-17T14:11:32Z,Shoe,Summer,6
2016-06-17T14:11:32Z,Shoe,Summer,6
2016-06-17T14:11:32Z,Shoe,Summer,6
2016-06-17T14:11:32Z,Shoe,Summer,6
2016-06-17T14:11:32Z,Shoe,Summer,6
2016-06-18T12:43:54Z,Shoe,Summer,12
2016-06-18T12:43:54Z,Shoe,Summer,12
2016-06-18T12:43:54Z,Shoe,Summer,12
2016-06-18T12:43:54Z,Shoe,Summer,12
2016-06-18T12:43:54Z,Shoe,Summer,12
2016-06-18T12:43:54Z,Shoe,Summer,12
2016-06-18T12:43:54Z,Shoe,Summer,12
2016-06-18T12:43:54Z,Shoe,Summer,12
2016-06-18T12:43:54Z,Shoe,Summer,12
2016-06-18T12:43:54Z,Shoe,Summer,12
2016-06-18T12:43:54Z,Shoe,Summer,12
2016-06-18T12:43:54Z,Shoe,Summer,12
2016-06-19T11:07:09Z,Shoe,Summer,1
2016-06-19T11:43:43Z,Loafer,Summer,1
2016-06-20T01:41:51Z,Shoe,Summer,1
2016-06-20T09:04:28Z,Shoe,Summer,2
2016-06-20T09:04:28Z,Shoe,Summer,2
2016-06-20T14:14:25Z,Shoe,Summer,1
2016-06-20T14:15:39Z,Shoe,Summer,1
2016-06-20T14:15:43Z,Shoe,Summer,1
2016-06-20T14:15:58Z,Shoe,Summer,1
2016-06-20T14:16:26Z,Shoe,Summer,2
2016-06-20T14:16:26Z,Shoe,Summer,2
2016-06-20T14:17:20Z,Shoe,Summer,1
2016-06-20T14:18:16Z,Shoe,Summer,1
2016-06-20T14:19:47Z,Shoe,Summer,1
2016-06-20T14:19:55Z,Boot,Summer,7
2016-06-20T14:19:55Z,Boot,Summer,7
2016-06-20T14:19:55Z,Boot,Summer,7
2016-06-20T14:19:55Z,Boot,Summer,7
2016-06-20T14:19:55Z,Boot,Summer,7
2016-06-20T14:19:55Z,Boot,Summer,7
2016-06-20T14:19:55Z,Boot,Summer,7
2016-06-20T14:20:09Z,Shoe,Summer,1
2016-06-20T14:20:31Z,Boot,Summer,2
2016-06-20T14:20:31Z,Boot,Summer,2
2016-06-20T14:21:25Z,Shoe,Summer,4
2016-06-20T14:21:25Z,Shoe,Summer,4
2016-06-20T14:21:25Z,Shoe,Summer,4
2016-06-20T14:21:25Z,Shoe,Summer,4
2016-06-20T14:22:05Z,Canvas,Summer,2
2016-06-20T14:22:05Z,Canvas,Summer,2
2016-06-20T14:22:49Z,Canvas,Summer,4
2016-06-20T14:22:49Z,Canvas,Summer,4
2016-06-20T14:22:49Z,Canvas,Summer,4
2016-06-20T14:22:49Z,Canvas,Summer,4
2016-06-20T14:24:21Z,Canvas,Summer,1
2016-06-20T14:27:27Z,Canvas,Summer,2
2016-06-20T14:27:27Z,Canvas,Summer,2
2016-06-20T14:28:00Z,Canvas,Summer,1
2016-06-20T14:31:20Z,Canvas,Summer,1
2016-06-20T14:33:23Z,Canvas,Summer,1
2016-06-21T05:39:51Z,Shoe,Summer,1
2016-06-21T06:11:16Z,Shoe,Summer,2
2016-06-21T06:11:16Z,Shoe,Summer,2
2016-06-21T09:54:07Z,Oxford,Summer,2
2016-06-21T09:54:07Z,Oxford,Summer,2
2016-06-21T09:54:09Z,Boot,Summer,4
2016-06-21T09:54:09Z,Boot,Summer,4
2016-06-21T09:54:09Z,Boot,Summer,4
2016-06-21T09:54:09Z,Boot,Summer,4
2016-06-21T09:54:15Z,Shoe,Summer,2
2016-06-21T09:54:15Z,Shoe,Summer,2
2016-06-21T09:55:15Z,Shoe,Summer,2
2016-06-21T09:55:15Z,Shoe,Summer,2
2016-06-21T09:56:05Z,Loafer,Summer,2
2016-06-21T09:56:05Z,Loafer,Summer,2
2016-06-21T09:56:37Z,Shoe,Summer,3
2016-06-21T09:56:37Z,Shoe,Summer,3
2016-06-21T09:56:37Z,Shoe,Summer,3
2016-06-28T14:11:17Z,Shoe,Summer,1
2016-06-29T15:10:12Z,Sneaker,Summer,1
2016-07-07T21:58:51Z,Shoe,Summer,2
2016-07-07T21:58:51Z,Shoe,Summer,2
2016-07-09T00:37:31Z,Shoe,Summer,2
2016-07-09T00:37:31Z,Shoe,Summer,2
2016-07-09T00:43:52Z,Shoe,Summer,2
2016-07-09T00:43:52Z,Shoe,Summer,2
2016-07-09T00:43:54Z,Sneaker,Summer,2
2016-07-09T00:43:54Z,Sneaker,Summer,2
2016-07-09T01:27:09Z,Shoe,Summer,1
2016-07-09T01:27:30Z,Shoe,Summer,2
2016-07-09T01:27:30Z,Shoe,Summer,2
2016-07-09T01:27:37Z,Sneaker,Summer,6
2016-07-09T01:27:37Z,Sneaker,Summer,6
2016-07-09T01:27:37Z,Sneaker,Summer,6
2016-07-09T01:27:37Z,Sneaker,Summer,6
2016-07-09T01:27:37Z,Sneaker,Summer,6
2016-07-09T01:27:37Z,Sneaker,Summer,6
2016-07-09T01:27:41Z,Shoe,Summer,1
2016-07-09T01:27:47Z,Sneaker,Summer,9
2016-07-09T01:27:47Z,Sneaker,Summer,9
2016-07-09T01:27:47Z,Sneaker,Summer,9
2016-07-09T01:27:47Z,Sneaker,Summer,9
2016-07-09T01:27:47Z,Sneaker,Summer,9
2016-07-09T01:27:47Z,Sneaker,Summer,9
2016-07-09T01:27:47Z,Sneaker,Summer,9
2016-07-09T01:27:47Z,Boot,Summer,9
2016-07-09T01:27:47Z,Boot,Summer,9
2016-07-09T01:27:48Z,Shoe,Summer,1
2016-07-09T20:22:49Z,Shoe,Summer,1
2016-07-09T20:27:11Z,Sneaker,Summer,3
2016-07-09T20:27:11Z,Sneaker,Summer,3
2016-07-09T20:27:11Z,Sneaker,Summer,3
2016-07-09T20:27:20Z,Shoe,Summer,1
2016-07-11T01:37:56Z,Shoe,Summer,1
2016-07-11T01:57:16Z,Shoe,Summer,1
2016-07-16T19:07:39Z,Shoe,Summer,2
2016-07-16T19:07:39Z,Shoe,Summer,2
2016-07-16T19:29:07Z,Shoe,Summer,1
2016-07-17T01:39:25Z,Shoe,Summer,4
2016-07-17T01:39:25Z,Shoe,Summer,4
2016-07-17T01:39:25Z,Shoe,Summer,4
2016-07-17T01:39:25Z,Shoe,Summer,4
2016-07-17T02:10:27Z,Loafer,Summer,3
2016-07-17T02:10:27Z,Loafer,Summer,3
2016-07-17T02:10:27Z,Boot,Summer,3
2016-07-17T05:08:06Z,Boot,Summer,1
2016-07-17T05:24:25Z,Shoe,Summer,1
2016-07-17T05:34:04Z,Shoe,Summer,3
2016-07-17T05:34:04Z,Shoe,Summer,3
2016-07-17T05:34:04Z,Shoe,Summer,3
2016-07-17T08:42:16Z,Shoe,Summer,2
2016-07-17T08:42:16Z,Shoe,Summer,2
2016-07-17T09:02:08Z,Shoe,Summer,1
2016-07-17T09:56:58Z,Shoe,Summer,1
2016-07-17T10:41:43Z,Shoe,Summer,2
2016-07-17T10:41:43Z,Shoe,Summer,2
2016-07-17T11:01:07Z,Shoe,Summer,1
2016-07-17T11:03:15Z,Shoe,Summer,1
2016-07-17T11:18:06Z,Loafer,Summer,4
2016-07-17T11:18:06Z,Loafer,Summer,4
2016-07-17T11:18:06Z,Loafer,Summer,4
2016-07-17T11:18:06Z,Loafer,Summer,4
2016-07-17T11:19:06Z,Shoe,Summer,2
2016-07-17T11:19:06Z,Shoe,Summer,2
2016-07-17T12:06:51Z,Sneaker,Summer,1
2016-07-17T12:25:27Z,Shoe,Summer,3
2016-07-17T12:25:27Z,Shoe,Summer,3
2016-07-17T12:25:27Z,Shoe,Summer,3
2016-07-17T13:33:56Z,Shoe,Summer,1
2016-07-18T04:00:03Z,Shoe,Summer,1
2016-07-18T04:23:36Z,Boot,Summer,1
2016-07-19T01:26:14Z,Shoe,Summer,16
2016-07-19T01:26:14Z,Shoe,Summer,16
2016-07-19T01:26:14Z,Shoe,Summer,16
2016-07-19T01:26:14Z,Shoe,Summer,16
2016-07-19T01:26:14Z,Shoe,Summer,16
2016-07-19T01:26:14Z,Shoe,Summer,16
2016-07-19T01:26:14Z,Shoe,Summer,16
2016-07-19T01:26:14Z,Shoe,Summer,16
2016-07-19T01:26:14Z,Shoe,Summer,16
2016-07-19T01:26:14Z,Shoe,Summer,16
2016-07-19T01:26:14Z,Shoe,Summer,16
2016-07-19T01:26:14Z,Shoe,Summer,16
2016-07-19T01:26:14Z,Shoe,Summer,16
2016-07-19T01:26:14Z,Shoe,Summer,16
2016-07-19T01:26:14Z,Shoe,Summer,16
2016-07-19T01:26:14Z,Shoe,Summer,16
2016-07-19T03:04:01Z,Shoe,Summer,3
2016-07-19T03:04:01Z,Shoe,Summer,3
2016-07-19T03:04:01Z,Shoe,Summer,3
2016-07-19T03:04:05Z,Shoe,Summer,1
2016-07-19T03:04:07Z,Shoe,Summer,3
2016-07-19T03:04:07Z,Shoe,Summer,3
2016-07-19T03:04:07Z,Shoe,Summer,3
2016-07-19T03:04:28Z,Boot,Summer,2
2016-07-19T03:04:28Z,Boot,Summer,2
2016-07-19T03:04:35Z,Shoe,Summer,4
2016-07-19T03:04:35Z,Shoe,Summer,4
2016-07-19T03:04:35Z,Shoe,Summer,4
2016-07-19T03:04:35Z,Shoe,Summer,4
2016-07-19T04:54:13Z,Boot,Summer,1
2016-07-19T17:13:10Z,Shoe,Summer,5
2016-07-19T17:13:10Z,Shoe,Summer,5
2016-07-19T17:13:10Z,Shoe,Summer,5
2016-07-19T17:13:10Z,Shoe,Summer,5
2016-07-19T17:13:10Z,Shoe,Summer,5
2016-07-19T21:07:31Z,Shoe,Summer,1
2016-07-19T22:46:51Z,Loafer,Summer,1
2016-07-20T02:02:52Z,Shoe,Summer,5
2016-07-20T02:02:52Z,Shoe,Summer,5
2016-07-20T02:02:52Z,Shoe,Summer,5
2016-07-20T02:02:52Z,Shoe,Summer,5
2016-07-20T02:02:52Z,Shoe,Summer,5
2016-07-20T12:14:33Z,Sneaker,Summer,11
2016-07-20T12:14:33Z,Sneaker,Summer,11
2016-07-20T12:14:33Z,Sneaker,Summer,11
2016-07-20T12:14:33Z,Sneaker,Summer,11
2016-07-20T12:14:33Z,Sneaker,Summer,11
2016-07-20T12:14:33Z,Sneaker,Summer,11
2016-07-20T12:14:33Z,Sneaker,Summer,11
2016-07-20T12:14:33Z,Sneaker,Summer,11
2016-07-20T12:14:33Z,Sneaker,Summer,11
2016-07-20T12:14:33Z,Sneaker,Summer,11
2016-07-20T12:14:33Z,Sneaker,Summer,11
2016-07-20T15:40:19Z,Loafer,Summer,2
2016-07-20T15:40:19Z,Loafer,Summer,2
2016-07-20T17:34:24Z,Boot,Summer,1
2016-07-20T20:14:37Z,Shoe,Summer,3
2016-07-20T20:14:37Z,Shoe,Summer,3
2016-07-20T20:14:37Z,Shoe,Summer,3
2016-07-20T22:27:32Z,Boot,Summer,3
2016-07-20T22:27:32Z,Boot,Summer,3
2016-07-20T22:27:32Z,Boot,Summer,3
2016-07-20T22:42:06Z,Sneaker,Summer,3
2016-07-20T22:42:06Z,Sneaker,Summer,3
2016-07-20T22:42:06Z,Sneaker,Summer,3
2016-07-20T23:11:16Z,Shoe,Summer,2
2016-07-20T23:11:16Z,Shoe,Summer,2
2016-07-20T23:47:06Z,Shoe,Summer,2
2016-07-20T23:47:06Z,Shoe,Summer,2
2016-07-21T00:17:02Z,Shoe,Summer,2
2016-07-21T00:17:02Z,Shoe,Summer,2
2016-07-21T00:17:06Z,Boot,Summer,1
2016-07-21T00:17:09Z,Shoe,Summer,1
2016-07-21T01:17:12Z,Shoe,Summer,1
2016-07-21T01:17:44Z,Shoe,Summer,2
2016-07-21T01:17:44Z,Shoe,Summer,2
2016-07-21T01:49:23Z,Shoe,Summer,1
2016-07-21T01:49:25Z,Shoe,Summer,1
2016-07-21T02:11:49Z,Shoe,Summer,1
2016-07-21T02:50:42Z,Shoe,Summer,2
2016-07-21T02:50:42Z,Shoe,Summer,2
2016-07-21T02:53:01Z,Shoe,Summer,1
2016-07-21T03:41:01Z,Shoe,Summer,1
2016-07-21T05:03:52Z,Shoe,Summer,2
2016-07-21T05:03:52Z,Shoe,Summer,2
2016-07-21T05:03:53Z,Shoe,Summer,2
2016-07-21T05:03:53Z,Shoe,Summer,2
2016-07-21T05:03:54Z,Shoe,Summer,2
2016-07-21T05:03:54Z,Shoe,Summer,2
2016-07-21T05:19:50Z,Shoe,Summer,2
2016-07-21T05:19:50Z,Shoe,Summer,2
2016-07-21T05:19:57Z,Shoe,Summer,2
2016-07-21T05:19:57Z,Shoe,Summer,2
2016-07-21T05:20:02Z,Shoe,Summer,2
2016-07-21T05:20:02Z,Shoe,Summer,2
2016-07-21T05:41:59Z,Boot,Summer,2
2016-07-21T05:41:59Z,Boot,Summer,2
2016-07-21T06:00:02Z,Shoe,Summer,2
2016-07-21T06:00:02Z,Shoe,Summer,2
2016-07-21T08:34:30Z,Shoe,Summer,1
2016-07-21T09:00:36Z,Shoe,Summer,3
2016-07-21T09:00:36Z,Shoe,Summer,3
2016-07-21T09:00:36Z,Shoe,Summer,3
2016-07-21T09:30:34Z,Shoe,Summer,1
2016-07-21T13:22:02Z,Shoe,Summer,4
2016-07-21T13:22:02Z,Shoe,Summer,4
2016-07-21T13:22:02Z,Shoe,Summer,4
2016-07-21T13:22:02Z,Shoe,Summer,4
2016-07-21T13:39:28Z,Shoe,Summer,1
2016-07-21T13:39:32Z,Shoe,Summer,2
2016-07-21T13:39:32Z,Shoe,Summer,2
2016-07-21T14:07:11Z,Shoe,Summer,1
2016-07-21T14:07:23Z,Shoe,Summer,2
2016-07-21T14:07:23Z,Shoe,Summer,2
2016-07-21T14:08:57Z,Shoe,Summer,1
2016-07-21T14:17:54Z,Shoe,Summer,1
2016-07-21T14:28:23Z,Shoe,Summer,2
2016-07-21T14:28:23Z,Shoe,Summer,2
2016-07-21T14:29:22Z,Shoe,Summer,2
2016-07-21T14:29:22Z,Shoe,Summer,2
2016-07-21T14:29:23Z,Shoe,Summer,2
2016-07-21T14:29:23Z,Shoe,Summer,2
2016-07-21T14:29:24Z,Shoe,Summer,5
2016-07-21T14:29:24Z,Shoe,Summer,5
2016-07-21T14:29:24Z,Shoe,Summer,5
2016-07-21T14:29:24Z,Shoe,Summer,5
2016-07-21T14:29:24Z,Shoe,Summer,5
2016-07-21T14:29:25Z,Shoe,Summer,1
2016-07-21T14:31:39Z,Shoe,Summer,2
2016-07-21T14:31:39Z,Shoe,Summer,2
2016-07-22T00:15:00Z,Boot,Summer,1
2016-07-26T17:46:33Z,Shoe,Summer,1
2016-07-26T21:19:49Z,Shoe,Summer,2
2016-07-26T21:19:49Z,Shoe,Summer,2
2016-07-26T21:53:00Z,Loafer,Summer,1
2016-07-26T22:09:49Z,Oxford,Summer,3
2016-07-26T22:09:49Z,Oxford,Summer,3
2016-07-26T22:09:49Z,Oxford,Summer,3
2016-07-26T22:49:23Z,Shoe,Summer,1
2016-07-27T01:23:16Z,Shoe,Summer,1
2016-07-27T02:37:58Z,Shoe,Summer,1
2016-07-27T02:38:36Z,Shoe,Summer,1
2016-07-27T06:28:43Z,Boot,Summer,7
2016-07-27T06:28:43Z,Boot,Summer,7
2016-07-27T06:28:43Z,Boot,Summer,7
2016-07-27T06:28:43Z,Boot,Summer,7
2016-07-27T06:28:43Z,Boot,Summer,7
2016-07-27T06:28:43Z,Boot,Summer,7
2016-07-27T06:28:43Z,Boot,Summer,7
2016-07-27T08:06:16Z,Shoe,Summer,3
2016-07-27T08:06:16Z,Shoe,Summer,3
2016-07-27T08:06:16Z,Shoe,Summer,3
2016-07-27T08:15:04Z,Shoe,Summer,4
2016-07-27T08:15:04Z,Shoe,Summer,4
2016-07-27T08:15:04Z,Shoe,Summer,4
2016-07-27T08:15:04Z,Shoe,Summer,4
2016-07-27T08:22:47Z,Sneaker,Summer,2
2016-07-27T08:22:47Z,Sneaker,Summer,2
2016-07-27T12:24:16Z,Shoe,Summer,1
2016-07-27T13:51:53Z,Shoe,Summer,1
2016-07-27T13:58:25Z,Shoe,Summer,6
2016-07-27T13:58:25Z,Shoe,Summer,6
2016-07-27T13:58:25Z,Shoe,Summer,6
2016-07-27T13:58:25Z,Shoe,Summer,6
2016-07-27T13:58:25Z,Shoe,Summer,6
2016-07-27T13:58:25Z,Shoe,Summer,6
2016-07-27T14:42:57Z,Shoe,Summer,5
2016-07-27T14:42:57Z,Shoe,Summer,5
2016-07-27T14:42:57Z,Shoe,Summer,5
2016-07-27T14:42:57Z,Shoe,Summer,5
2016-07-27T14:42:57Z,Shoe,Summer,5
2016-07-27T16:04:41Z,Shoe,Summer,1
2016-07-27T20:30:41Z,Shoe,Summer,2
2016-07-27T20:30:41Z,Shoe,Summer,2
2016-07-27T20:34:31Z,Oxford,Summer,2
2016-07-27T20:34:31Z,Oxford,Summer,2
2016-07-27T20:44:27Z,Shoe,Summer,1
2016-07-27T20:47:48Z,Shoe,Summer,2
2016-07-27T20:47:48Z,Shoe,Summer,2
2016-07-27T21:22:20Z,Sneaker,Summer,1
2016-07-27T21:26:04Z,Sneaker,Summer,2
2016-07-27T21:26:04Z,Sneaker,Summer,2
2016-07-27T21:43:40Z,Shoe,Summer,1
2016-07-28T00:55:23Z,Shoe,Summer,1
2016-07-28T04:48:36Z,Sneaker,Summer,1
2016-07-28T04:55:26Z,Shoe,Summer,1
2016-07-28T05:07:04Z,Shoe,Summer,1
2016-07-28T10:12:19Z,Boot,Summer,1
2016-07-28T11:30:06Z,Boot,Summer,3
2016-07-28T11:30:06Z,Boot,Summer,3
2016-07-28T11:30:06Z,Boot,Summer,3
2016-07-28T13:24:16Z,Shoe,Summer,2
2016-07-28T13:24:16Z,Shoe,Summer,2
2016-07-28T13:24:17Z,Shoe,Summer,1
2016-07-28T15:38:06Z,Shoe,Summer,2
2016-07-28T15:38:06Z,Shoe,Summer,2
2016-07-28T18:44:26Z,Boot,Summer,1
2016-07-28T18:45:43Z,Shoe,Summer,1
2016-07-28T19:12:34Z,Shoe,Summer,1
2016-07-28T20:20:17Z,Shoe,Summer,1
2016-07-29T23:18:48Z,Shoe,Summer,3
2016-07-29T23:18:48Z,Shoe,Summer,3
2016-07-29T23:18:48Z,Shoe,Summer,3
2016-07-29T23:37:21Z,Shoe,Summer,2
2016-07-29T23:37:21Z,Shoe,Summer,2
2016-07-29T23:42:22Z,Shoe,Summer,1
2016-07-29T23:48:42Z,Shoe,Summer,1
2016-07-29T23:49:40Z,Boot,Summer,8
2016-07-29T23:49:40Z,Boot,Summer,8
2016-07-29T23:49:40Z,Boot,Summer,8
2016-07-29T23:49:40Z,Boot,Summer,8
2016-07-29T23:49:40Z,Boot,Summer,8
2016-07-29T23:49:40Z,Boot,Summer,8
2016-07-29T23:49:40Z,Boot,Summer,8
2016-07-29T23:49:40Z,Boot,Summer,8
2016-07-29T23:56:52Z,Shoe,Summer,2
2016-07-29T23:56:52Z,Shoe,Summer,2
2016-07-30T03:46:49Z,Boot,Summer,1
2016-07-30T03:50:17Z,Shoe,Summer,2
2016-07-30T03:50:17Z,Shoe,Summer,2
2016-07-30T03:51:46Z,Shoe,Summer,2
2016-07-30T03:51:46Z,Shoe,Summer,2
2016-07-30T05:56:33Z,Shoe,Summer,6
2016-07-30T05:56:33Z,Shoe,Summer,6
2016-07-30T05:56:33Z,Shoe,Summer,6
2016-07-30T05:56:33Z,Shoe,Summer,6
2016-07-30T05:56:33Z,Shoe,Summer,6
2016-07-30T05:56:33Z,Shoe,Summer,6
2016-07-30T05:58:09Z,Shoe,Summer,66
2016-07-30T05:58:09Z,Shoe,Summer,66
2016-07-30T05:58:09Z,Shoe,Summer,66
2016-07-30T05:58:09Z,Shoe,Summer,66
2016-07-30T05:58:09Z,Shoe,Summer,66
2016-07-30T05:58:09Z,Shoe,Summer,66
2016-07-30T05:58:09Z,Shoe,Summer,66
2016-07-30T05:58:09Z,Shoe,Summer,66
2016-07-30T05:58:09Z,Shoe,Summer,66
2016-07-30T05:58:09Z,Shoe,Summer,66
2016-07-30T05:58:09Z,Shoe,Summer,66
2016-07-30T05:58:09Z,Shoe,Summer,66
2016-07-30T05:58:09Z,Shoe,Summer,66
2016-07-30T05:58:09Z,Shoe,Summer,66
2016-07-30T05:58:09Z,Shoe,Summer,66
2016-07-30T05:58:09Z,Shoe,Summer,66
2016-07-30T05:58:09Z,Shoe,Summer,66
2016-07-30T05:58:09Z,Shoe,Summer,66
2016-07-30T05:58:09Z,Shoe,Summer,66
2016-07-30T05:58:09Z,Shoe,Summer,66
2016-07-30T05:58:09Z,Shoe,Summer,66
2016-07-30T05:58:09Z,Shoe,Summer,66
2016-07-30T05:58:09Z,Shoe,Summer,66
2016-07-30T05:58:09Z,Shoe,Summer,66
2016-07-30T05:58:09Z,Shoe,Summer,66
2016-07-30T05:58:09Z,Shoe,Summer,66
2016-07-30T05:58:09Z,Shoe,Summer,66
2016-07-30T05:58:09Z,Shoe,Summer,66
2016-07-30T05:58:09Z,Shoe,Summer,66
2016-07-30T05:58:09Z,Shoe,Summer,66
2016-07-30T05:58:09Z,Shoe,Summer,66
2016-07-30T05:58:09Z,Shoe,Summer,66
2016-07-30T05:58:09Z,Shoe,Summer,66
2016-07-30T05:58:09Z,Shoe,Summer,66
2016-07-30T05:58:09Z,Shoe,Summer,66
2016-07-30T05:58:09Z,Shoe,Summer,66
2016-07-30T05:58:09Z,Shoe,Summer,66
2016-07-30T05:58:09Z,Shoe,Summer,66
2016-07-30T05:58:09Z,Shoe,Summer,66
2016-07-30T05:58:09Z,Shoe,Summer,66
2016-07-30T05:58:09Z,Shoe,Summer,66
2016-07-30T05:58:09Z,Shoe,Summer,66
2016-07-30T05:58:09Z,Shoe,Summer,66
2016-07-30T05:58:09Z,Shoe,Summer,66
2016-07-30T05:58:09Z,Shoe,Summer,66
2016-07-30T05:58:09Z,Shoe,Summer,66
2016-07-30T05:58:09Z,Shoe,Summer,66
2016-07-30T05:58:09Z,Shoe,Summer,66
2016-07-30T05:58:09Z,Shoe,Summer,66
2016-07-30T05:58:09Z,Shoe,Summer,66
2016-07-30T05:58:09Z,Shoe,Summer,66
2016-07-30T05:58:09Z,Shoe,Summer,66
2016-07-30T05:58:09Z,Shoe,Summer,66
2016-07-30T05:58:09Z,Shoe,Summer,66
2016-07-30T05:58:09Z,Shoe,Summer,66
2016-07-30T05:58:09Z,Shoe,Summer,66
2016-07-30T05:58:09Z,Shoe,Summer,66
2016-07-30T05:58:09Z,Shoe,Summer,66
2016-07-30T05:58:09Z,Shoe,Summer,66
2016-07-30T05:58:09Z,Shoe,Summer,66
2016-07-30T05:58:09Z,Shoe,Summer,66
2016-07-30T05:58:09Z,Shoe,Summer,66
2016-07-30T05:58:09Z,Shoe,Summer,66
2016-07-30T05:58:09Z,Shoe,Summer,66
2016-07-30T05:58:09Z,Shoe,Summer,66
2016-07-30T05:58:09Z,Shoe,Summer,66
2016-08-01T03:08:05Z,Shoe,Summer,4
2016-08-01T03:08:05Z,Shoe,Summer,4
2016-08-01T03:08:05Z,Shoe,Summer,4
2016-08-01T03:08:05Z,Shoe,Summer,4
2016-08-01T03:11:06Z,Shoe,Summer,4
2016-08-01T03:11:06Z,Shoe,Summer,4
2016-08-01T03:11:06Z,Shoe,Summer,4
2016-08-01T03:11:06Z,Shoe,Summer,4
2016-08-01T03:11:14Z,Shoe,Summer,4
2016-08-01T03:11:14Z,Shoe,Summer,4
2016-08-01T03:11:14Z,Shoe,Summer,4
2016-08-01T03:11:14Z,Shoe,Summer,4
2016-08-02T04:06:44Z,Shoe,Summer,4
2016-08-02T04:06:44Z,Shoe,Summer,4
2016-08-02T04:06:44Z,Shoe,Summer,4
2016-08-02T04:06:44Z,Shoe,Summer,4
2016-08-02T04:07:56Z,Shoe,Summer,2
2016-08-02T04:07:56Z,Shoe,Summer,2
2016-08-02T04:08:14Z,Shoe,Summer,2
2016-08-02T04:08:14Z,Shoe,Summer,2
2016-08-02T04:09:52Z,Canvas,Summer,4
2016-08-02T04:09:52Z,Canvas,Summer,4
2016-08-02T04:09:52Z,Canvas,Summer,4
2016-08-02T04:09:52Z,Canvas,Summer,4
2016-08-02T04:09:54Z,Shoe,Summer,2
2016-08-02T04:09:54Z,Shoe,Summer,2
2016-08-02T04:11:32Z,Shoe,Summer,1
2016-08-04T01:02:56Z,Shoe,Summer,1
2016-08-04T01:14:25Z,Loafer,Summer,1
2016-08-04T04:05:18Z,Shoe,Summer,2
2016-08-04T04:05:18Z,Shoe,Summer,2
2016-08-04T04:05:47Z,Boot,Summer,1
2016-08-04T04:05:52Z,Shoe,Summer,2
2016-08-04T04:05:52Z,Shoe,Summer,2
2016-08-04T04:06:35Z,Shoe,Summer,2
2016-08-04T04:06:35Z,Shoe,Summer,2
2016-08-04T04:07:24Z,Boot,Summer,1
2016-08-04T04:07:26Z,Shoe,Summer,2
2016-08-04T04:07:26Z,Shoe,Summer,2
2016-08-04T04:07:31Z,Shoe,Summer,2
2016-08-04T04:07:31Z,Shoe,Summer,2
2016-08-06T14:05:18Z,Shoe,Summer,1
2016-08-06T15:07:09Z,Shoe,Summer,1
2016-08-06T23:40:56Z,Shoe,Summer,1
2016-08-11T16:50:05Z,Shoe,Summer,1
2016-08-11T17:50:27Z,Shoe,Summer,1
2016-08-12T10:19:39Z,Shoe,Summer,1
2016-08-23T10:18:51Z,Shoe,Summer,1
2016-08-23T10:21:03Z,Shoe,Summer,1
2016-08-23T11:19:42Z,Shoe,Summer,1
2016-09-06T07:37:41Z,Shoe,Fall,2
2016-09-06T07:37:41Z,Shoe,Fall,2
2016-09-06T08:07:54Z,Shoe,Fall,2
2016-09-06T08:07:54Z,Shoe,Fall,2
2016-09-06T08:24:53Z,Shoe,Fall,1
2016-09-13T14:33:13Z,Shoe,Fall,6
2016-09-13T14:33:13Z,Shoe,Fall,6
2016-09-13T14:33:13Z,Shoe,Fall,6
2016-09-13T14:33:13Z,Shoe,Fall,6
2016-09-13T14:33:13Z,Shoe,Fall,6
2016-09-13T14:33:13Z,Shoe,Fall,6
2016-09-13T16:01:19Z,Shoe,Fall,1
2016-09-13T16:38:18Z,Boot,Fall,2
2016-09-13T16:38:18Z,Boot,Fall,2
2016-09-17T06:43:52Z,Shoe,Fall,2
2016-09-17T06:43:52Z,Shoe,Fall,2
2016-09-21T01:12:17Z,Shoe,Fall,3
2016-09-21T01:12:17Z,Shoe,Fall,3
2016-09-21T01:12:17Z,Shoe,Fall,3
2016-09-23T11:19:27Z,Shoe,Fall,1
2016-09-23T12:51:57Z,Sneaker,Fall,2
2016-09-23T12:51:57Z,Sneaker,Fall,2
2016-09-23T13:06:50Z,Shoe,Fall,1
2016-09-25T04:43:51Z,Boot,Fall,4
2016-09-25T04:43:51Z,Boot,Fall,4
2016-09-25T04:43:51Z,Boot,Fall,4
2016-09-25T04:43:51Z,Boot,Fall,4
2016-09-25T04:43:57Z,Shoe,Fall,3
2016-09-25T04:43:57Z,Shoe,Fall,3
2016-09-25T04:43:57Z,Shoe,Fall,3
2016-09-25T04:49:04Z,Shoe,Fall,2
2016-09-25T04:49:04Z,Shoe,Fall,2
2016-09-25T10:01:00Z,Shoe,Fall,1
2016-09-25T10:01:26Z,Sneaker,Fall,1
2016-09-25T10:01:31Z,Shoe,Fall,2
2016-09-25T10:01:31Z,Shoe,Fall,2
2016-09-25T11:29:46Z,Shoe,Fall,1
2016-09-27T01:30:17Z,Shoe,Fall,2
2016-09-27T01:30:17Z,Shoe,Fall,2
2016-09-27T03:24:27Z,Shoe,Fall,2
2016-09-27T03:24:27Z,Shoe,Fall,2
2016-09-27T03:28:25Z,Shoe,Fall,1
2016-09-27T03:28:33Z,Shoe,Fall,1
2016-09-27T03:28:38Z,Shoe,Fall,3
2016-09-27T03:28:38Z,Shoe,Fall,3
2016-09-27T03:28:38Z,Shoe,Fall,3
2016-09-27T03:29:16Z,Shoe,Fall,3
2016-09-27T03:29:16Z,Shoe,Fall,3
2016-09-27T03:29:16Z,Shoe,Fall,3
2016-09-27T03:30:40Z,Shoe,Fall,1
2016-09-27T03:31:27Z,Shoe,Fall,1
2016-09-27T03:33:23Z,Shoe,Fall,1
2016-09-27T03:34:41Z,Canvas,Fall,3
2016-09-27T03:34:41Z,Canvas,Fall,3
2016-09-27T03:34:41Z,Canvas,Fall,3
2016-10-05T14:52:32Z,Boot,Fall,1
2016-10-05T15:07:15Z,Shoe,Fall,1
2016-10-05T15:24:07Z,Boot,Fall,1
2016-10-05T15:24:51Z,Shoe,Fall,5
2016-10-05T15:24:51Z,Shoe,Fall,5
2016-10-05T15:24:51Z,Shoe,Fall,5
2016-10-05T15:24:51Z,Shoe,Fall,5
2016-10-05T15:24:51Z,Shoe,Fall,5
2016-10-05T15:28:03Z,Boot,Fall,1
2016-10-05T15:29:12Z,Sneaker,Fall,1
2016-10-05T16:23:53Z,Shoe,Fall,3
2016-10-05T16:23:53Z,Shoe,Fall,3
2016-10-05T16:23:53Z,Shoe,Fall,3
2016-10-05T16:56:04Z,Oxford,Fall,3
2016-10-05T16:56:04Z,Oxford,Fall,3
2016-10-05T16:56:04Z,Oxford,Fall,3
2016-10-05T16:56:30Z,Boot,Fall,3
2016-10-05T16:56:30Z,Boot,Fall,3
2016-10-05T16:56:30Z,Boot,Fall,3
2016-10-05T16:56:42Z,Boot,Fall,4
2016-10-05T16:56:42Z,Boot,Fall,4
2016-10-05T16:56:42Z,Shoe,Fall,4
2016-10-05T16:56:42Z,Shoe,Fall,4
2016-10-05T16:56:49Z,Boot,Fall,2
2016-10-05T16:56:49Z,Boot,Fall,2
2016-10-05T16:58:00Z,Loafer,Fall,3
2016-10-05T16:58:00Z,Loafer,Fall,3
2016-10-05T16:58:00Z,Loafer,Fall,3
2016-10-05T17:01:39Z,Boot,Fall,2
2016-10-05T17:01:39Z,Boot,Fall,2
2016-10-05T17:18:06Z,Shoe,Fall,1
2016-10-05T17:18:14Z,Shoe,Fall,1
2016-10-05T17:19:03Z,Shoe,Fall,2
2016-10-05T17:19:03Z,Shoe,Fall,2
2016-10-05T17:19:17Z,Shoe,Fall,1
2016-10-05T17:47:11Z,Shoe,Fall,3
2016-10-05T17:47:11Z,Shoe,Fall,3
2016-10-05T17:47:11Z,Shoe,Fall,3
2016-10-05T17:47:50Z,Sneaker,Fall,3
2016-10-05T17:47:50Z,Sneaker,Fall,3
2016-10-05T17:47:50Z,Sneaker,Fall,3
2016-10-05T17:48:31Z,Sneaker,Fall,1
2016-10-05T17:48:40Z,Shoe,Fall,3
2016-10-05T17:48:40Z,Shoe,Fall,3
2016-10-05T17:48:40Z,Shoe,Fall,3
2016-10-05T17:48:44Z,Shoe,Fall,2
2016-10-05T17:48:44Z,Shoe,Fall,2
2016-10-05T22:20:49Z,Sneaker,Fall,1
2016-10-05T22:21:07Z,Sneaker,Fall,3
2016-10-05T22:21:07Z,Sneaker,Fall,3
2016-10-05T22:21:07Z,Sneaker,Fall,3
2016-10-05T22:21:18Z,Sneaker,Fall,2
2016-10-05T22:21:18Z,Sneaker,Fall,2
2016-10-05T22:21:19Z,Sneaker,Fall,2
2016-10-05T22:21:19Z,Sneaker,Fall,2
2016-10-05T22:21:23Z,Shoe,Fall,3
2016-10-05T22:21:23Z,Shoe,Fall,3
2016-10-05T22:21:23Z,Shoe,Fall,3
2016-10-05T22:21:24Z,Shoe,Fall,1
2016-10-05T22:21:31Z,Sneaker,Fall,2
2016-10-05T22:21:31Z,Sneaker,Fall,2
2016-10-05T22:21:43Z,Shoe,Fall,2
2016-10-05T22:21:43Z,Shoe,Fall,2
2016-10-05T22:21:45Z,Shoe,Fall,3
2016-10-05T22:21:45Z,Shoe,Fall,3
2016-10-05T22:21:45Z,Shoe,Fall,3
2016-10-05T22:21:50Z,Boot,Fall,3
2016-10-05T22:21:50Z,Boot,Fall,3
2016-10-05T22:21:50Z,Boot,Fall,3
2016-10-05T22:21:51Z,Boot,Fall,1
2016-10-05T22:21:53Z,Boot,Fall,2
2016-10-05T22:21:53Z,Boot,Fall,2
2016-10-05T22:21:56Z,Boot,Fall,3
2016-10-05T22:21:56Z,Boot,Fall,3
2016-10-05T22:21:56Z,Boot,Fall,3
2016-10-05T22:21:59Z,Boot,Fall,2
2016-10-05T22:21:59Z,Boot,Fall,2
2016-10-05T22:22:00Z,Boot,Fall,1
2016-10-05T22:22:02Z,Boot,Fall,1
2016-10-05T22:22:05Z,Boot,Fall,1
2016-10-05T22:22:12Z,Shoe,Fall,2
2016-10-05T22:22:12Z,Shoe,Fall,2
2016-10-05T22:22:17Z,Boot,Fall,1
2016-10-05T22:22:23Z,Boot,Fall,2
2016-10-05T22:22:23Z,Boot,Fall,2
2016-10-05T22:22:24Z,Boot,Fall,3
2016-10-05T22:22:24Z,Boot,Fall,3
2016-10-05T22:22:24Z,Boot,Fall,3
2016-10-05T22:22:25Z,Shoe,Fall,2
2016-10-05T22:22:25Z,Shoe,Fall,2
2016-10-05T22:22:28Z,Boot,Fall,4
2016-10-05T22:22:28Z,Boot,Fall,4
2016-10-05T22:22:28Z,Shoe,Fall,4
2016-10-05T22:22:28Z,Shoe,Fall,4
2016-10-05T22:22:29Z,Boot,Fall,1
2016-10-05T22:22:30Z,Shoe,Fall,1
2016-10-05T22:22:32Z,Shoe,Fall,4
2016-10-05T22:22:32Z,Shoe,Fall,4
2016-10-05T22:22:32Z,Boot,Fall,4
2016-10-05T22:22:32Z,Boot,Fall,4
2016-10-05T22:22:33Z,Boot,Fall,2
2016-10-05T22:22:33Z,Boot,Fall,2
2016-10-05T22:22:35Z,Boot,Fall,2
2016-10-05T22:22:35Z,Boot,Fall,2
2016-10-05T22:22:36Z,Boot,Fall,2
2016-10-05T22:22:36Z,Boot,Fall,2
2016-10-05T22:22:42Z,Shoe,Fall,3
2016-10-05T22:22:42Z,Shoe,Fall,3
2016-10-05T22:22:42Z,Shoe,Fall,3
2016-10-05T22:22:43Z,Oxford,Fall,7
2016-10-05T22:22:43Z,Oxford,Fall,7
2016-10-05T22:22:43Z,Boot,Fall,7
2016-10-05T22:22:43Z,Boot,Fall,7
2016-10-05T22:22:43Z,Oxford,Fall,7
2016-10-05T22:22:43Z,Oxford,Fall,7
2016-10-05T22:22:43Z,Oxford,Fall,7
2016-10-05T22:22:44Z,Shoe,Fall,3
2016-10-05T22:22:44Z,Boot,Fall,3
2016-10-05T22:22:44Z,Boot,Fall,3
2016-10-05T22:22:45Z,Shoe,Fall,4
2016-10-05T22:22:45Z,Shoe,Fall,4
2016-10-05T22:22:45Z,Shoe,Fall,4
2016-10-05T22:22:45Z,Shoe,Fall,4
2016-10-05T22:22:46Z,Loafer,Fall,3
2016-10-05T22:22:46Z,Loafer,Fall,3
2016-10-05T22:22:46Z,Loafer,Fall,3
2016-10-05T22:22:47Z,Shoe,Fall,2
2016-10-05T22:22:47Z,Shoe,Fall,2
2016-10-05T22:22:49Z,Oxford,Fall,2
2016-10-05T22:22:49Z,Oxford,Fall,2
2016-10-05T22:22:50Z,Shoe,Fall,3
2016-10-05T22:22:50Z,Shoe,Fall,3
2016-10-05T22:22:50Z,Shoe,Fall,3
2016-10-05T22:22:53Z,Oxford,Fall,3
2016-10-05T22:22:53Z,Oxford,Fall,3
2016-10-05T22:22:53Z,Oxford,Fall,3
2016-10-05T22:23:00Z,Loafer,Fall,3
2016-10-05T22:23:00Z,Loafer,Fall,3
2016-10-05T22:23:00Z,Loafer,Fall,3
2016-10-05T22:23:17Z,Boot,Fall,5
2016-10-05T22:23:17Z,Boot,Fall,5
2016-10-05T22:23:17Z,Boot,Fall,5
2016-10-05T22:23:17Z,Boot,Fall,5
2016-10-05T22:23:17Z,Boot,Fall,5
2016-10-05T22:23:22Z,Shoe,Fall,2
2016-10-05T22:23:22Z,Shoe,Fall,2
2016-10-05T22:23:30Z,Shoe,Fall,2
2016-10-05T22:23:30Z,Shoe,Fall,2
2016-10-05T22:23:36Z,Shoe,Fall,2
2016-10-05T22:23:36Z,Shoe,Fall,2
2016-10-05T22:23:43Z,Shoe,Fall,3
2016-10-05T22:23:43Z,Shoe,Fall,3
2016-10-05T22:23:43Z,Shoe,Fall,3
2016-10-05T22:23:46Z,Shoe,Fall,1
2016-10-05T22:23:47Z,Shoe,Fall,2
2016-10-05T22:23:47Z,Shoe,Fall,2
2016-10-05T22:23:48Z,Shoe,Fall,2
2016-10-05T22:23:48Z,Shoe,Fall,2
2016-10-05T22:23:51Z,Loafer,Fall,2
2016-10-05T22:23:51Z,Loafer,Fall,2
2016-10-05T22:23:53Z,Loafer,Fall,2
2016-10-05T22:23:53Z,Loafer,Fall,2
2016-10-05T22:23:55Z,Boot,Fall,5
2016-10-05T22:23:55Z,Boot,Fall,5
2016-10-05T22:23:55Z,Oxford,Fall,5
2016-10-05T22:23:55Z,Oxford,Fall,5
2016-10-05T22:23:55Z,Oxford,Fall,5
2016-10-05T22:37:30Z,Shoe,Fall,3
2016-10-05T22:37:30Z,Shoe,Fall,3
2016-10-05T22:37:30Z,Shoe,Fall,3
2016-10-05T22:37:35Z,Shoe,Fall,3
2016-10-05T22:37:35Z,Shoe,Fall,3
2016-10-05T22:37:35Z,Shoe,Fall,3
2016-10-05T22:37:41Z,Shoe,Fall,2
2016-10-05T22:37:41Z,Shoe,Fall,2
2016-10-05T22:37:42Z,Shoe,Fall,2
2016-10-05T22:37:42Z,Shoe,Fall,2
2016-10-05T22:38:23Z,Boot,Fall,1
2016-10-05T22:38:38Z,Shoe,Fall,2
2016-10-05T22:38:38Z,Shoe,Fall,2
2016-10-05T22:39:20Z,Shoe,Fall,2
2016-10-05T22:39:20Z,Shoe,Fall,2
2016-10-10T17:13:42Z,Sneaker,Fall,1
2016-10-10T17:14:19Z,Boot,Fall,1
2016-10-29T23:05:13Z,Boot,Fall,1
2016-11-01T09:39:34Z,Boot,Fall,2
2016-11-01T09:39:34Z,Boot,Fall,2
2016-11-01T09:40:55Z,Shoe,Fall,1
2016-11-01T09:44:25Z,Canvas,Fall,3
2016-11-01T09:44:25Z,Canvas,Fall,3
2016-11-01T09:44:25Z,Canvas,Fall,3
2016-11-01T09:53:31Z,Loafer,Fall,3
2016-11-01T09:53:31Z,Loafer,Fall,3
2016-11-01T09:53:31Z,Loafer,Fall,3
2016-11-01T09:54:25Z,Loafer,Fall,3
2016-11-01T09:54:25Z,Loafer,Fall,3
2016-11-01T09:54:25Z,Loafer,Fall,3
2016-11-06T23:58:31Z,Shoe,Fall,8
2016-11-06T23:58:31Z,Shoe,Fall,8
2016-11-06T23:58:31Z,Shoe,Fall,8
2016-11-06T23:58:31Z,Shoe,Fall,8
2016-11-06T23:58:31Z,Shoe,Fall,8
2016-11-06T23:58:31Z,Shoe,Fall,8
2016-11-06T23:58:31Z,Shoe,Fall,8
2016-11-06T23:58:31Z,Shoe,Fall,8
2016-11-07T00:00:01Z,Shoe,Fall,2
2016-11-07T00:00:01Z,Shoe,Fall,2
2016-11-07T00:00:02Z,Shoe,Fall,2
2016-11-07T00:00:02Z,Shoe,Fall,2
2016-11-07T00:45:29Z,Sneaker,Fall,3
2016-11-07T00:45:29Z,Sneaker,Fall,3
2016-11-07T00:45:29Z,Sneaker,Fall,3
2016-11-07T19:13:39Z,Shoe,Fall,3
2016-11-07T19:13:39Z,Shoe,Fall,3
2016-11-07T19:13:39Z,Shoe,Fall,3
2016-11-09T17:11:29Z,Shoe,Fall,2
2016-11-09T17:11:29Z,Shoe,Fall,2
2016-11-11T09:33:17Z,Loafer,Fall,3
2016-11-11T09:33:17Z,Loafer,Fall,3
2016-11-11T09:33:17Z,Loafer,Fall,3
2016-11-11T09:33:18Z,Oxford,Fall,3
2016-11-11T09:33:18Z,Oxford,Fall,3
2016-11-11T09:33:18Z,Oxford,Fall,3
2016-11-11T09:46:16Z,Boot,Fall,5
2016-11-11T09:46:16Z,Boot,Fall,5
2016-11-11T09:46:16Z,Boot,Fall,5
2016-11-11T09:46:16Z,Boot,Fall,5
2016-11-11T09:46:16Z,Boot,Fall,5
2016-11-11T09:46:34Z,Shoe,Fall,3
2016-11-11T09:46:34Z,Shoe,Fall,3
2016-11-11T09:46:34Z,Shoe,Fall,3
2016-11-11T09:49:17Z,Sneaker,Fall,3
2016-11-11T09:49:17Z,Sneaker,Fall,3
2016-11-11T09:49:17Z,Sneaker,Fall,3
2016-11-11T09:49:40Z,Shoe,Fall,2
2016-11-11T09:49:40Z,Shoe,Fall,2
2016-11-11T09:53:34Z,Shoe,Fall,2
2016-11-11T09:53:34Z,Shoe,Fall,2
2016-11-11T09:58:39Z,Shoe,Fall,4
2016-11-11T09:58:39Z,Shoe,Fall,4
2016-11-11T09:58:39Z,Shoe,Fall,4
2016-11-11T09:58:39Z,Shoe,Fall,4
2016-11-15T12:41:49Z,Shoe,Fall,1
2016-11-15T12:41:50Z,Shoe,Fall,2
2016-11-15T12:41:50Z,Shoe,Fall,2
2016-11-15T13:13:40Z,Boot,Fall,4
2016-11-15T13:13:40Z,Boot,Fall,4
2016-11-15T13:13:40Z,Boot,Fall,4
2016-11-15T13:13:40Z,Boot,Fall,4
2016-11-15T13:15:16Z,Sneaker,Fall,2
2016-11-15T13:15:16Z,Sneaker,Fall,2
2016-11-15T13:16:32Z,Shoe,Fall,3
2016-11-15T13:16:32Z,Shoe,Fall,3
2016-11-15T13:16:32Z,Shoe,Fall,3
2016-11-15T13:19:15Z,Shoe,Fall,4
2016-11-15T13:19:15Z,Shoe,Fall,4
2016-11-15T13:19:15Z,Shoe,Fall,4
2016-11-15T13:19:15Z,Shoe,Fall,4
2016-11-15T13:22:18Z,Sneaker,Fall,4
2016-11-15T13:22:18Z,Sneaker,Fall,4
2016-11-15T13:22:18Z,Sneaker,Fall,4
2016-11-15T13:22:18Z,Sneaker,Fall,4
2017-01-09T19:45:04Z,Shoe,Winter,4
2017-01-09T19:45:04Z,Shoe,Winter,4
2017-01-09T19:45:04Z,Shoe,Winter,4
2017-01-09T19:45:04Z,Shoe,Winter,4
2017-01-09T19:45:17Z,Shoe,Winter,3
2017-01-09T19:45:17Z,Shoe,Winter,3
2017-01-09T19:45:17Z,Shoe,Winter,3
2017-01-09T19:45:28Z,Shoe,Winter,3
2017-01-09T19:45:28Z,Shoe,Winter,3
2017-01-09T19:45:28Z,Shoe,Winter,3
2017-01-09T19:45:34Z,Shoe,Winter,1
2017-01-09T19:46:03Z,Shoe,Winter,4
2017-01-09T19:46:03Z,Shoe,Winter,4
2017-01-09T19:46:03Z,Shoe,Winter,4
2017-01-09T19:46:03Z,Shoe,Winter,4
2017-01-09T19:46:05Z,Shoe,Winter,4
2017-01-09T19:46:05Z,Shoe,Winter,4
2017-01-09T19:46:05Z,Shoe,Winter,4
2017-01-09T19:46:05Z,Shoe,Winter,4
2017-01-09T19:48:11Z,Shoe,Winter,4
2017-01-09T19:48:11Z,Shoe,Winter,4
2017-01-09T19:48:11Z,Shoe,Winter,4
2017-01-09T19:48:11Z,Shoe,Winter,4
2017-01-09T19:48:15Z,Shoe,Winter,1
2017-01-09T19:48:17Z,Shoe,Winter,2
2017-01-09T19:48:17Z,Shoe,Winter,2
2017-01-09T20:23:36Z,Shoe,Winter,3
2017-01-09T20:23:36Z,Shoe,Winter,3
2017-01-09T20:23:36Z,Shoe,Winter,3
2017-01-09T20:23:39Z,Shoe,Winter,10
2017-01-09T20:23:39Z,Shoe,Winter,10
2017-01-09T20:23:39Z,Shoe,Winter,10
2017-01-09T20:23:39Z,Shoe,Winter,10
2017-01-09T20:23:39Z,Shoe,Winter,10
2017-01-09T20:23:39Z,Shoe,Winter,10
2017-01-09T20:23:39Z,Shoe,Winter,10
2017-01-09T20:23:39Z,Shoe,Winter,10
2017-01-09T20:23:39Z,Shoe,Winter,10
2017-01-09T20:23:39Z,Shoe,Winter,10
2017-01-09T20:23:43Z,Shoe,Winter,3
2017-01-09T20:23:43Z,Shoe,Winter,3
2017-01-09T20:23:43Z,Shoe,Winter,3
2017-01-09T20:23:44Z,Shoe,Winter,8
2017-01-09T20:23:44Z,Shoe,Winter,8
2017-01-09T20:23:44Z,Shoe,Winter,8
2017-01-09T20:23:44Z,Shoe,Winter,8
2017-01-09T20:23:44Z,Shoe,Winter,8
2017-01-09T20:23:44Z,Shoe,Winter,8
2017-01-09T20:23:44Z,Shoe,Winter,8
2017-01-09T20:23:44Z,Shoe,Winter,8
2017-01-09T20:24:04Z,Shoe,Winter,2
2017-01-09T20:24:04Z,Shoe,Winter,2
2017-01-12T05:26:49Z,Sneaker,Winter,2
2017-01-12T05:26:49Z,Sneaker,Winter,2
2017-01-12T05:27:43Z,Shoe,Winter,6
2017-01-12T05:27:43Z,Shoe,Winter,6
2017-01-12T05:27:43Z,Shoe,Winter,6
2017-01-12T05:27:43Z,Shoe,Winter,6
2017-01-12T05:27:43Z,Shoe,Winter,6
2017-01-12T05:27:43Z,Shoe,Winter,6
2017-01-12T06:12:59Z,Sneaker,Winter,4
2017-01-12T06:12:59Z,Sneaker,Winter,4
2017-01-12T06:12:59Z,Sneaker,Winter,4
2017-01-12T06:12:59Z,Sneaker,Winter,4
2017-01-12T06:14:02Z,Sneaker,Winter,5
2017-01-12T06:14:02Z,Sneaker,Winter,5
2017-01-12T06:14:02Z,Sneaker,Winter,5
2017-01-12T06:14:02Z,Sneaker,Winter,5
2017-01-12T06:14:02Z,Sneaker,Winter,5
2017-01-12T06:14:11Z,Sneaker,Winter,7
2017-01-12T06:14:11Z,Sneaker,Winter,7
2017-01-12T06:14:11Z,Sneaker,Winter,7
2017-01-12T06:14:11Z,Sneaker,Winter,7
2017-01-12T06:14:11Z,Shoe,Winter,7
2017-01-12T06:14:11Z,Shoe,Winter,7
2017-01-12T06:14:11Z,Shoe,Winter,7
2017-01-12T06:14:13Z,Loafer,Winter,3
2017-01-12T06:14:13Z,Loafer,Winter,3
2017-01-12T06:14:13Z,Loafer,Winter,3
2017-01-12T06:14:17Z,Shoe,Winter,6
2017-01-12T06:14:17Z,Shoe,Winter,6
2017-01-12T06:14:17Z,Shoe,Winter,6
2017-01-12T06:14:17Z,Shoe,Winter,6
2017-01-12T06:14:17Z,Shoe,Winter,6
2017-01-12T06:14:17Z,Shoe,Winter,6
2017-01-12T06:14:31Z,Sneaker,Winter,5
2017-01-12T06:14:31Z,Sneaker,Winter,5
2017-01-12T06:14:31Z,Sneaker,Winter,5
2017-01-12T06:14:31Z,Sneaker,Winter,5
2017-01-12T06:14:31Z,Sneaker,Winter,5
2017-01-12T06:14:48Z,Sneaker,Winter,3
2017-01-12T06:14:48Z,Sneaker,Winter,3
2017-01-12T06:14:48Z,Sneaker,Winter,3
2017-01-12T06:15:22Z,Shoe,Winter,2
2017-01-12T06:15:22Z,Shoe,Winter,2
2017-01-12T06:15:40Z,Shoe,Winter,10
2017-01-12T06:15:40Z,Shoe,Winter,10
2017-01-12T06:15:40Z,Shoe,Winter,10
2017-01-12T06:15:40Z,Shoe,Winter,10
2017-01-12T06:15:40Z,Shoe,Winter,10
2017-01-12T06:15:40Z,Shoe,Winter,10
2017-01-12T06:15:40Z,Shoe,Winter,10
2017-01-12T06:15:40Z,Shoe,Winter,10
2017-01-12T06:15:40Z,Shoe,Winter,10
2017-01-12T06:15:40Z,Shoe,Winter,10
2017-01-12T06:16:41Z,Oxford,Winter,3
2017-01-12T06:16:41Z,Oxford,Winter,3
2017-01-12T06:16:41Z,Oxford,Winter,3
2017-01-12T06:16:47Z,Oxford,Winter,2
2017-01-12T06:16:47Z,Oxford,Winter,2
2017-01-12T06:20:21Z,Boot,Winter,8
2017-01-12T06:20:21Z,Boot,Winter,8
2017-01-12T06:20:21Z,Boot,Winter,8
2017-01-12T06:20:21Z,Boot,Winter,8
2017-01-12T06:20:21Z,Boot,Winter,8
2017-01-12T06:20:21Z,Boot,Winter,8
2017-01-12T06:20:21Z,Boot,Winter,8
2017-01-12T06:20:21Z,Boot,Winter,8
2017-01-12T06:20:32Z,Boot,Winter,7
2017-01-12T06:20:32Z,Boot,Winter,7
2017-01-12T06:20:32Z,Boot,Winter,7
2017-01-12T06:20:32Z,Boot,Winter,7
2017-01-12T06:20:32Z,Boot,Winter,7
2017-01-12T06:20:32Z,Boot,Winter,7
2017-01-12T06:20:32Z,Boot,Winter,7
2017-01-12T06:21:00Z,Boot,Winter,3
2017-01-12T06:21:00Z,Boot,Winter,3
2017-01-12T06:21:00Z,Boot,Winter,3
2017-01-14T19:32:53Z,Loafer,Winter,2
2017-01-14T19:32:53Z,Loafer,Winter,2
2017-01-16T15:59:20Z,Boot,Winter,5
2017-01-16T15:59:20Z,Boot,Winter,5
2017-01-16T15:59:20Z,Boot,Winter,5
2017-01-16T15:59:20Z,Boot,Winter,5
2017-01-16T15:59:20Z,Boot,Winter,5
2017-01-16T19:26:59Z,Oxford,Winter,4
2017-01-16T19:26:59Z,Oxford,Winter,4
2017-01-16T19:26:59Z,Oxford,Winter,4
2017-01-16T19:26:59Z,Oxford,Winter,4
2017-01-17T18:52:23Z,Oxford,Winter,2
2017-01-17T18:52:23Z,Oxford,Winter,2
2017-01-17T18:57:13Z,Shoe,Winter,2
2017-01-17T18:57:13Z,Shoe,Winter,2
2017-01-17T19:08:56Z,Canvas,Winter,6
2017-01-17T19:08:56Z,Canvas,Winter,6
2017-01-17T19:08:56Z,Canvas,Winter,6
2017-01-17T19:08:56Z,Canvas,Winter,6
2017-01-17T19:08:56Z,Canvas,Winter,6
2017-01-17T19:08:56Z,Canvas,Winter,6
2017-01-17T19:33:52Z,Boot,Winter,3
2017-01-17T19:33:52Z,Boot,Winter,3
2017-01-17T19:33:52Z,Boot,Winter,3
2017-01-20T18:57:27Z,Boot,Winter,2
2017-01-20T18:57:27Z,Boot,Winter,2
2017-01-22T06:19:06Z,Sneaker,Winter,1
2017-01-22T06:20:55Z,Boot,Winter,1
2017-01-22T06:21:51Z,Loafer,Winter,3
2017-01-22T06:21:51Z,Loafer,Winter,3
2017-01-22T06:21:51Z,Loafer,Winter,3
2017-01-22T06:21:52Z,Boot,Winter,2
2017-01-22T06:21:52Z,Boot,Winter,2
2017-01-22T06:21:53Z,Boot,Winter,2
2017-01-22T06:21:53Z,Boot,Winter,2
2017-01-22T06:21:54Z,Boot,Winter,2
2017-01-22T06:21:54Z,Boot,Winter,2
2017-01-22T06:21:55Z,Boot,Winter,2
2017-01-22T06:21:55Z,Boot,Winter,2
2017-01-22T06:21:56Z,Sneaker,Winter,2
2017-01-22T06:21:56Z,Sneaker,Winter,2
2017-01-23T05:30:33Z,Boot,Winter,3
2017-01-23T05:30:33Z,Boot,Winter,3
2017-01-23T05:30:33Z,Boot,Winter,3
2017-01-24T18:52:42Z,Shoe,Winter,1
2017-01-24T18:54:03Z,Boot,Winter,2
2017-01-24T18:54:03Z,Boot,Winter,2
2017-01-24T18:54:04Z,Boot,Winter,2
2017-01-24T18:54:04Z,Boot,Winter,2
2017-01-27T01:20:20Z,Boot,Winter,1
2017-01-27T01:20:27Z,Boot,Winter,1
2017-01-27T01:20:28Z,Boot,Winter,2
2017-01-27T01:20:28Z,Boot,Winter,2
2017-01-27T01:20:29Z,Boot,Winter,3
2017-01-27T01:20:29Z,Boot,Winter,3
2017-01-27T01:20:29Z,Boot,Winter,3
2017-01-27T01:22:39Z,Shoe,Winter,2
2017-01-27T01:22:39Z,Shoe,Winter,2
2017-01-27T01:23:04Z,Shoe,Winter,5
2017-01-27T01:23:04Z,Shoe,Winter,5
2017-01-27T01:23:04Z,Shoe,Winter,5
2017-01-27T01:23:04Z,Shoe,Winter,5
2017-01-27T01:23:04Z,Shoe,Winter,5
2017-01-27T01:23:15Z,Sneaker,Winter,7
2017-01-27T01:23:15Z,Sneaker,Winter,7
2017-01-27T01:23:15Z,Sneaker,Winter,7
2017-01-27T01:23:15Z,Sneaker,Winter,7
2017-01-27T01:23:15Z,Sneaker,Winter,7
2017-01-27T01:23:15Z,Sneaker,Winter,7
2017-01-27T01:23:15Z,Sneaker,Winter,7
2017-01-27T01:23:16Z,Sneaker,Winter,5
2017-01-27T01:23:16Z,Sneaker,Winter,5
2017-01-27T01:23:16Z,Sneaker,Winter,5
2017-01-27T01:23:16Z,Sneaker,Winter,5
2017-01-27T01:23:16Z,Sneaker,Winter,5
2017-01-27T01:24:02Z,Shoe,Winter,2
2017-01-27T01:24:02Z,Shoe,Winter,2
2017-01-27T01:24:41Z,Shoe,Winter,3
2017-01-27T01:24:41Z,Shoe,Winter,3
2017-01-27T01:24:41Z,Shoe,Winter,3
2017-01-27T01:24:44Z,Shoe,Winter,2
2017-01-27T01:24:44Z,Shoe,Winter,2
2017-01-27T01:24:47Z,Shoe,Winter,2
2017-01-27T01:24:47Z,Shoe,Winter,2
2017-01-27T01:25:42Z,Shoe,Winter,3
2017-01-27T01:25:42Z,Shoe,Winter,3
2017-01-27T01:25:42Z,Shoe,Winter,3
2017-01-27T01:25:47Z,Sneaker,Winter,3
2017-01-27T01:25:47Z,Sneaker,Winter,3
2017-01-27T01:25:47Z,Sneaker,Winter,3
2017-01-27T01:26:19Z,Shoe,Winter,3
2017-01-27T01:26:19Z,Shoe,Winter,3
2017-01-27T01:26:19Z,Shoe,Winter,3
2017-01-27T01:29:38Z,Oxford,Winter,4
2017-01-27T01:29:38Z,Oxford,Winter,4
2017-01-27T01:29:38Z,Oxford,Winter,4
2017-01-27T01:29:38Z,Oxford,Winter,4
2017-01-27T01:30:04Z,Boot,Winter,2
2017-01-27T01:30:04Z,Boot,Winter,2
2017-01-27T01:30:11Z,Boot,Winter,4
2017-01-27T01:30:11Z,Boot,Winter,4
2017-01-27T01:30:11Z,Boot,Winter,4
2017-01-27T01:30:11Z,Boot,Winter,4
2017-01-27T01:30:16Z,Boot,Winter,3
2017-01-27T01:30:16Z,Boot,Winter,3
2017-01-27T01:30:16Z,Boot,Winter,3
2017-01-27T01:30:30Z,Oxford,Winter,1
2017-01-27T01:30:41Z,Oxford,Winter,1
2017-01-27T01:30:47Z,Oxford,Winter,2
2017-01-27T01:30:47Z,Oxford,Winter,2
2017-01-27T01:30:52Z,Loafer,Winter,1
2017-01-27T01:34:27Z,Boot,Winter,3
2017-01-27T01:34:27Z,Boot,Winter,3
2017-01-27T01:34:27Z,Boot,Winter,3
2017-01-28T19:22:29Z,Boot,Winter,2
2017-01-28T19:22:29Z,Boot,Winter,2
2017-01-28T19:22:30Z,Boot,Winter,2
2017-01-28T19:22:30Z,Boot,Winter,2
2017-02-04T19:57:37Z,Shoe,Winter,3
2017-02-04T19:57:37Z,Shoe,Winter,3
2017-02-04T19:57:37Z,Shoe,Winter,3
